ok,numero,nomarticulo,id,codalfa,codalfaprov,preconfciva,prepubfciva,endolar,nomproveedor,nommarca,nomrubro,nomfamilia,nomtipo,fechamodif,cantstock,cantreserva,existe,existedisp,moneda,idimagen,nombreimg,fecactu
0,1,"ANGULO 15.9 X 3.2 (5/8 X 1/8) X 6MTS",1100000011,"0001","1.0001",2073.986,2304.410,0,"TERAR S.A  NRO CLIENTE 256397","GENERAL","HIERROS","GENERAL","","06-07-2022",10,0,9.50,9.50,"$",1100000002,"",18-07-2022 16:25:32
0,2,"ANGULO 19.00 X 3.2 (3/4 X 1/8) X 6MTS",1100000012,"0002","1.0002",2033.753,2259.700,0,"TERAR S.A  NRO CLIENTE 256397","GENERAL","HIERROS","GENERAL","","06-07-2022",-40,0,-39.96,-39.96,"$",1100000003,"",18-07-2022 16:25:32
0,3,"ANGULO 25,4 X 3.2 (1" X 1/8) X 6 MTS",1100000013,"0003","1.0003",2393.834,2659.790,0,"TERAR S.A  NRO CLIENTE 256397","GENERAL","HIERROS","GENERAL","","06-07-2022",-43,0,-43.36,-43.36,"$",1100000004,"",18-07-2022 16:25:32
0,4,"ANGULO 31.8 X 3.2 (1 1/4" X 1/8)",1100000014,"0004","1.0004",3220.612,3578.420,0,"TERAR S.A  NRO CLIENTE 256397","GENERAL","HIERROS","GENERAL","","06-07-2022",-21,0,-21.00,-21.00,"$",1100000005,"",18-07-2022 16:25:32
0,5,"ANGULO 38.1 X 3.2 (1 1/2 X 1/8 )",1100000015,"0005","1.0005",3705.413,4117.080,0,"TERAR S.A  NRO CLIENTE 256397","GENERAL","HIERROS","GENERAL","","06-07-2022",-21,0,-20.50,-20.50,"$",1100000006,"",18-07-2022 16:25:32
0,6,"ANGULO 44.5 X 3.2 (1 3/4 X 1/8) X 6MTS",1100000018,"0006","1.0006",5113.551,5681.670,0,"TERAR S.A  NRO CLIENTE 256397","GENERAL","HIERROS","GENERAL","","06-07-2022",27,0,27.00,27.00,"$",1100000007,"",18-07-2022 16:25:32
0,7,"ANGULO 50.8 X 3.2 (2" X 1/8") X 6MTS",1100000019,"0007","1.0007",5383.109,5981.170,0,"TERAR S.A  NRO CLIENTE 256397","GENERAL","HIERROS","GENERAL","","06-07-2022",28,0,27.79,27.79,"$",1100000008,"",18-07-2022 16:25:32
0,8,"ANGULO 25.4 X 4.8 (1" X 3/16)",1100000020,"0008","1.0008",3618.914,4020.980,0,"TERAR S.A  NRO CLIENTE 256397","GENERAL","HIERROS","GENERAL","","06-07-2022",-5,0,-5.00,-5.00,"$",1100000009,"",18-07-2022 16:25:32
0,9,"ANGULO 31.8 X 4.8 (1 1/4 X 3/16) X 6MTS",1100000022,"0009","1.0009",4765.540,5294.990,0,"TERAR S.A  NRO CLIENTE 256397","GENERAL","HIERROS","GENERAL","","06-07-2022",36,0,36.01,36.01,"$",1100000010,"",18-07-2022 16:25:32
0,10,"ANGULO 38.1 X 4.8 (1 1/2 X 3/16) X 6MTS",1100000023,"0010","1.0010",4984.807,5538.620,0,"TERAR S.A  NRO CLIENTE 256397","GENERAL","HIERROS","GENERAL","","06-07-2022",11,0,11.34,11.34,"$",1100000011,"",18-07-2022 16:25:32
0,11,"ANGULO 44.5 X 4.8 (1 3/4 X 3/16) X 6MTS",1100000024,"0011","1.0011",7040.688,7822.910,0,"TERAR S.A  NRO CLIENTE 256397","GENERAL","HIERROS","GENERAL","","06-07-2022",14,0,14.00,14.00,"$",1100000012,"",18-07-2022 16:25:32
0,12,"DISCO CORTE AMOL 114 X 1",1100000033,"0001","2.0001",239.080,265.640,0,"ITURRIA S.A.","GENERAL","ACCESORIOS","GENERAL","","16-07-2022",24,0,24.00,24.00,"$",1100000013,"",18-07-2022 16:25:32
0,13,"DISCO AMOLADORA 114 X 1.6",1100000034,"0002","2.0002",209.005,232.230,0,"ITURRIA S.A.","GENERAL","ACCESORIOS","GENERAL","","16-07-2022",30,0,30.00,30.00,"$",1100000014,"",18-07-2022 16:25:32
0,14,"DISCO AMOLADORA 178 X 1.6",1100000035,"0003","2.0003",325.768,361.960,0,"ITURRIA S.A.","GENERAL","ACCESORIOS","GENERAL","","16-07-2022",14,0,14.00,14.00,"$",1100000015,"",18-07-2022 16:25:32
0,15,"ELECTRODO CONARCO 2MM 13A E6013 X KG",1100000036,"0004","2.0004",1597.200,1774.650,0,"ITURRIA S.A.","GENERAL","ACCESORIOS","GENERAL","","29-06-2022",27,0,27.00,27.00,"$",1100000016,"",18-07-2022 16:25:32
0,16,"ELECTRODO CONARCO 13A E6013 2.5MM X KG",1100000037,"0005","2.0005",1067.220,1185.790,0,"ITURRIA S.A.","GENERAL","ACCESORIOS","GENERAL","","29-06-2022",90,0,90.30,90.30,"$",1100000017,"",18-07-2022 16:25:32
0,17,"ELECTRODO CONARCO 13A E6013 3.25MM X KG",1100000038,"0006","2.0006",1045.440,1161.590,0,"ITURRIA S.A.","GENERAL","ACCESORIOS","GENERAL","","29-06-2022",83,0,82.50,82.50,"$",1100000018,"",18-07-2022 16:25:32
0,18,"LENTE TRANSPARENTE 3M",1100000039,"0007","2.0007",435.600,484.000,0,"ITURRIA S.A.","GENERAL","ACCESORIOS","GENERAL","","04-03-2022",22,0,22.00,22.00,"$",1100000019,"",18-07-2022 16:25:32
0,19,"PLANCHUELA  12.7 X 3.2 (1/2 X 1/18) X 6 MTS",1100000042,"0012","1.0012",993.743,1104.150,0,"TERAR S.A  NRO CLIENTE 256397","GENERAL","HIERROS","PLANCHUELA","","06-07-2022",-4,0,-4.16,-4.16,"$",1100000020,"",18-07-2022 16:25:32
0,20,"PLANCHUELA 15.9 X 3.2 (5/8" X 1/8) X 3MTS",1100000044,"0013","1.0013",1180.824,1312.010,0,"TERAR S.A  NRO CLIENTE 256397","GENERAL","HIERROS","PLANCHUELA","","06-07-2022",22,0,22.42,22.42,"$",1100000021,"",18-07-2022 16:25:32
0,21,"PLANCHUELA 12.7 X 4.8 (1/2 X 3/16) X 6MTS",1100000046,"0014","1.0014",1400.091,1555.640,0,"TERAR S.A  NRO CLIENTE 256397","GENERAL","HIERROS","PLANCHUELA","","06-07-2022",34,0,34.00,34.00,"$",1100000022,"1100000046.jpg",18-07-2022 16:25:32
0,22,"PLANCHUELA 22.2 X 3.2 (7/8 X 1/8) X 6MTS",1100000048,"0015","1.0015",1345.778,1495.290,0,"TERAR S.A  NRO CLIENTE 256397","GENERAL","HIERROS","PLANCHUELA","","06-07-2022",-9,0,-8.80,-8.80,"$",1100000023,"",18-07-2022 16:25:32
0,23,"PLANCHUELA 25.4 X 3.2 (1" X 1/8) X 6 MTS",1100000049,"0016","1.0016",1333.708,1481.880,0,"TERAR S.A  NRO CLIENTE 256397","GENERAL","HIERROS","PLANCHUELA","","06-07-2022",-24,0,-24.00,-24.00,"$",1100000024,"",18-07-2022 16:25:32
0,24,"PLANCHUELA 31.8 X 3.2 (1 1/4 X 1/8) X 6MTS",1100000051,"0017","1.0017",1589.184,1765.740,0,"TERAR S.A  NRO CLIENTE 256397","GENERAL","HIERROS","PLANCHUELA","","06-07-2022",-1,0,-1.08,-1.08,"$",1100000025,"",18-07-2022 16:25:32
0,25,"PLANCHUELA 38.1 X 3.2 (1 1/2 X 1/8) X 6 MTS",1100000052,"0018","1.0018",2086.056,2317.820,0,"TERAR S.A  NRO CLIENTE 256397","GENERAL","HIERROS","PLANCHUELA","","06-07-2022",-3,0,-3.00,-3.00,"$",1100000026,"",18-07-2022 16:25:32
0,26,"PLANCHUELA 44.5 X 3.2 (1 3/4 X 1/8) X 6MTS",1100000053,"0019","1.0019",2862.543,3180.570,0,"TERAR S.A  NRO CLIENTE 256397","GENERAL","HIERROS","PLANCHUELA","","06-07-2022",0,0,0.00,0.00,"$",1100000027,"",18-07-2022 16:25:32
0,27,"PLANCHUELA 50.8 X 3.2 (2" X 1/8) X 6MTS",1100000054,"0020","1.0020",3059.682,3399.610,0,"TERAR S.A  NRO CLIENTE 256397","GENERAL","HIERROS","PLANCHUELA","","06-07-2022",11,0,10.54,10.54,"$",1100000028,"1100000054.jpg",18-07-2022 16:25:32
0,28,"PLANCHUELA 15.9 X 4.8 (5/8 X 3/16) X 6MTS",1100000055,"0021","1.0021",1697.812,1886.440,0,"TERAR S.A  NRO CLIENTE 256397","GENERAL","HIERROS","PLANCHUELA","","06-07-2022",29,0,29.34,29.34,"$",1100000029,"",18-07-2022 16:25:32
0,29,"PLANCHUELA 19.0 X 4.8 (3/4" X 3/16) X 6MTS",1100000056,"0022","1.0022",1363.882,1515.410,0,"TERAR S.A  NRO CLIENTE 256397","GENERAL","HIERROS","PLANCHUELA","","06-07-2022",21,0,21.00,21.00,"$",1100000030,"",18-07-2022 16:25:32
0,30,"PLANCHUELA 22.2 X 4.8 (7/8" X 3/16) X 6 MTS",1100000058,"0023","1.0023",1925.126,2139.010,0,"TERAR S.A  NRO CLIENTE 256397","GENERAL","HIERROS","PLANCHUELA","","06-07-2022",-2,0,-2.33,-2.33,"$",1100000031,"",18-07-2022 16:25:32
0,31,"PLANCHUELA 25.4 X 4.8 (1" X 3/16) X 6MTS",1100000059,"0024","1.0024",1876.847,2085.360,0,"TERAR S.A  NRO CLIENTE 256397","GENERAL","HIERROS","PLANCHUELA","","06-07-2022",-1,0,-1.00,-1.00,"$",1100000032,"",18-07-2022 16:25:32
0,32,"PLANCHUELA 31.8 X 4.8 (1 1/4" X 3/16) X 6MTS",1100000060,"0025","1.0025",2289.229,2543.560,0,"TERAR S.A  NRO CLIENTE 256397","GENERAL","HIERROS","PLANCHUELA","","06-07-2022",3,0,2.52,2.52,"$",1100000033,"",18-07-2022 16:25:32
0,33,"PLANCHUELA 38.1 X 4.8 (1 1/2 X 3/16) X 6MTS",1100000061,"0026","1.0026",2832.368,3147.040,0,"TERAR S.A  NRO CLIENTE 256397","GENERAL","HIERROS","PLANCHUELA","","06-07-2022",-6,0,-6.00,-6.00,"$",1100000034,"",18-07-2022 16:25:32
0,34,"PLANCHUELA 44.5 X 4.8 (1 3/4" X 3/16)",1100000062,"0027","1.0027",3653.111,4058.970,0,"TERAR S.A  NRO CLIENTE 256397","GENERAL","HIERROS","PLANCHUELA","","06-07-2022",0,0,0.00,0.00,"$",1100000035,"",18-07-2022 16:25:32
0,35,"PLANCHUELA 50.8 X 4.8 (2" X 3/16) X 6MTS",1100000063,"0028","1.0028",3755.704,4172.960,0,"TERAR S.A  NRO CLIENTE 256397","GENERAL","HIERROS","PLANCHUELA","","06-07-2022",-2,0,-2.00,-2.00,"$",1100000036,"",18-07-2022 16:25:32
0,36,"PLANCHUELA 63.5 X 4.8 ( 2 1/2" X 3/16) X 6MTS",1100000064,"0029","1.0029",5214.132,5793.420,0,"TERAR S.A  NRO CLIENTE 256397","GENERAL","HIERROS","PLANCHUELA","","06-07-2022",-3,0,-3.00,-3.00,"$",1100000037,"",18-07-2022 16:25:32
0,37,"PLANCHUELA 76.02X 4.8 (3" X 3/16) X 6MTS",1100000065,"0030","1.0030",6063.038,6736.640,0,"TERAR S.A  NRO CLIENTE 256397","GENERAL","HIERROS","PLANCHUELA","","06-07-2022",0,0,0.00,0.00,"$",1100000038,"",18-07-2022 16:25:32
0,38,"PLANCHUELA 12.7 X 6.4 (1/2" X 1/4) X 6MTS",1100000066,"0031","1.0031",1915.067,2127.830,0,"TERAR S.A  NRO CLIENTE 256397","GENERAL","HIERROS","PLANCHUELA","","06-07-2022",0,0,0.00,0.00,"$",1100000039,"",18-07-2022 16:25:32
0,39,"PLANCHUELA 15.9 X 6.4 (5/8" X 1/4) X 6MTS",1100000067,"0032","1.0032",2343.544,2603.910,0,"TERAR S.A  NRO CLIENTE 256397","GENERAL","HIERROS","PLANCHUELA","","06-07-2022",0,0,0.00,0.00,"$",1100000040,"",18-07-2022 16:25:32
0,40,"PLANCHUELA 19.0 X 6.4 (3/4 X 1/4) X 6MTS",1100000068,"0033","1.0033",2102.149,2335.700,0,"TERAR S.A  NRO CLIENTE 256397","GENERAL","HIERROS","PLANCHUELA","","06-07-2022",-2,0,-2.00,-2.00,"$",1100000041,"",18-07-2022 16:25:32
0,41,"PLANCHULA 22.2 X 6.4 (7/8" X 1/4) X 6MTS",1100000069,"0034","1.0034",2220.979,2467.730,0,"TERAR S.A  NRO CLIENTE 256397","GENERAL","HIERROS","PLANCHUELA","","17-06-2022",0,0,0.00,0.00,"$",1100000042,"",18-07-2022 16:25:32
0,42,"PLANCHUELA 25.4 X 6.4 ( 1" X 1/4) X 6MTS",1100000070,"0035","1.0035",2661.380,2957.060,0,"TERAR S.A  NRO CLIENTE 256397","GENERAL","HIERROS","PLANCHUELA","","06-07-2022",0,0,0.00,0.00,"$",1100000043,"",18-07-2022 16:25:32
0,43,"PLANCHUELA 31.8 X 6.4 ( 1 1/4 X 1/4) X 6MTS",1100000071,"0036","1.0036",3228.659,3587.360,0,"TERAR S.A  NRO CLIENTE 256397","GENERAL","HIERROS","PLANCHUELA","","06-07-2022",0,0,0.00,0.00,"$",1100000044,"",18-07-2022 16:25:32
0,44,"PLANCHUELA 38.1 X 6.4 (1 1/2" X 1/4) X 6MTS",1100000072,"0037","1.0037",3755.704,4172.960,0,"TERAR S.A  NRO CLIENTE 256397","GENERAL","HIERROS","PLANCHUELA","","06-07-2022",0,0,0.00,0.00,"$",1100000045,"",18-07-2022 16:25:32
0,45,"PLANCHUELA 44.5 X 6.4 (1 3/4" X 1/4) X 6MTS",1100000073,"0038","1.0038",4884.226,5426.860,0,"TERAR S.A  NRO CLIENTE 256397","GENERAL","HIERROS","PLANCHUELA","","06-07-2022",0,0,-0.16,-0.16,"$",1100000046,"",18-07-2022 16:25:32
0,46,"PLANCHUELA 50.8 X 6.4 (2" X 1/4) X 6MTS",1100000074,"0039","1.0039",4924.458,5471.570,0,"TERAR S.A  NRO CLIENTE 256397","GENERAL","HIERROS","PLANCHUELA","","06-07-2022",-58,0,-58.00,-58.00,"$",1100000047,"",18-07-2022 16:25:32
0,47,"PLANCHUELA 63.5 X 6.4 (2 1/2" X 1/4) X 6MTS",1100000075,"0040","1.0040",6970.281,7744.680,0,"TERAR S.A  NRO CLIENTE 256397","GENERAL","HIERROS","PLANCHUELA","","06-07-2022",0,0,0.00,0.00,"$",1100000048,"",18-07-2022 16:25:32
0,48,"PLANCHUELA 76.2 X 6.4 ( 3" X 1/4) X 6MTS",1100000076,"0041","1.0041",8213.465,9125.980,0,"TERAR S.A  NRO CLIENTE 256397","GENERAL","HIERROS","PLANCHUELA","","06-07-2022",0,0,0.00,0.00,"$",1100000049,"",18-07-2022 16:25:32
0,49,"PLANCHUELA 101.6 X 6.4 (4" X 1/4) X 6MTS",1100000077,"0042","1.0042",15463.362,17181.340,0,"TERAR S.A  NRO CLIENTE 256397","GENERAL","HIERROS","PLANCHUELA","","06-07-2022",4,0,4.29,4.29,"$",1100000050,"",18-07-2022 16:25:32
0,50,"CHAPA GALV. ACAN. C25 X MTS",1100000079,"0043","1.0043",2042.964,2269.940,0,"TERAR S.A  NRO CLIENTE 256397","GENERAL","HIERROS","CHAPAS","","24-06-2022",-2950,0,-2950.07,-2950.07,"$",1100000051,"1100000079.jpg",18-07-2022 16:25:32
0,51,"CHAPA CANALON T90 CINCALUM C25",1100000080,"0044","1.0044",3043.218,3381.320,0,"TERAR S.A  NRO CLIENTE 256397","GENERAL","HIERROS","CHAPAS","","04-07-2022",0,0,0.00,0.00,"$",1100000052,"",18-07-2022 16:25:32
0,52,"CHAPA CINCALUM ACAN. C25 X MTS",1100000081,"0045","1.0045",2613.208,2903.540,0,"TERAR S.A  NRO CLIENTE 256397","GENERAL","HIERROS","CHAPAS","","04-07-2022",-57,0,-56.50,-56.50,"$",1100000053,"1100000081.jpg",18-07-2022 16:25:32
0,53,"CHAPA LISA CINCALUM 1.22 X 2.44 C25",1100000082,"0046","1.0046",6726.042,7473.310,0,"TERAR S.A  NRO CLIENTE 256397","GENERAL","HIERROS","CHAPAS","","04-07-2022",0,0,0.00,0.00,"$",1100000054,"1100000082.jpg",18-07-2022 16:25:32
0,54,"CHAPA TRAP. T101 CINCALUM C25",1100000083,"0047","1.0047",2638.023,2931.110,0,"TERAR S.A  NRO CLIENTE 256397","GENERAL","HIERROS","CHAPAS","","04-07-2022",0,0,0.00,0.00,"$",1100000055,"",18-07-2022 16:25:32
0,55,"CHAPA ACANALADA COLOR NEGRA",1100000084,"0048","1.0048",3906.031,4339.990,0,"TERAR S.A  NRO CLIENTE 256397","GENERAL","HIERROS","CHAPAS","","04-07-2022",-265,0,-264.60,-264.60,"$",1100000056,"",18-07-2022 16:25:32
0,56,"CHAPA ACANALADA COLOR BLANCO",1100000085,"0049","1.0049",3571.775,3968.600,0,"TERAR S.A  NRO CLIENTE 256397","GENERAL","HIERROS","CHAPAS","","04-07-2022",0,0,0.00,0.00,"$",1100000057,"",18-07-2022 16:25:32
0,57,"CHAPA ACANALADA COLOR VERDE",1100000086,"0050","1.0050",3714.187,4126.830,0,"TERAR S.A  NRO CLIENTE 256397","GENERAL","HIERROS","CHAPAS","","04-07-2022",0,0,0.00,0.00,"$",1100000058,"",18-07-2022 16:25:32
0,58,"CHAPA LISA LAF 1.22 X 2.44 C18",1100000087,"0051","1.0051",13724.695,15249.510,0,"TERAR S.A  NRO CLIENTE 256397","GENERAL","HIERROS","CHAPAS","","05-07-2022",-3,0,-2.55,-2.55,"$",1100000059,"1100000087.jpg",18-07-2022 16:25:32
0,60,"CHAPA LISA GALV. 1.22 X 2.44 C22",1100000089,"0053","1.0053",9299.247,10332.390,0,"TERAR S.A  NRO CLIENTE 256397","GENERAL","HIERROS","CHAPAS","","04-07-2022",0,0,0.00,0.00,"$",1100000061,"",18-07-2022 16:25:32
0,61,"CHAPA LISA GALV. 1.22 X 2.44 C 25",1100000090,"0054","1.0054",6730.625,7478.400,0,"TERAR S.A  NRO CLIENTE 256397","GENERAL","HIERROS","CHAPAS","","05-07-2022",-25,0,-24.50,-24.50,"$",1100000062,"",18-07-2022 16:25:32
0,62,"CHAPA LISA GALV. 1.22 X 2.44 C 27",1100000091,"0055","1.0055",6208.117,6897.840,0,"TERAR S.A  NRO CLIENTE 256397","GENERAL","HIERROS","CHAPAS","","05-07-2022",0,0,0.00,0.00,"$",1100000063,"",18-07-2022 16:25:32
0,63," CHAPA LAC 1025 X 2000 C 12",1100000092,"0056","1.0056",17621.018,19578.710,0,"TERAR S.A  NRO CLIENTE 256397","GENERAL","HIERROS","CHAPAS","","05-07-2022",-2,0,-2.00,-2.00,"$",1100000064,"1100000092.jpg",18-07-2022 16:25:32
0,64,"CHAPA LAC 1025 X 2000 C14",1100000093,"0057","1.0057",14217.500,15797.060,0,"TERAR S.A  NRO CLIENTE 256397","GENERAL","HIERROS","CHAPAS","","05-07-2022",4,0,4.00,4.00,"$",1100000065,"",18-07-2022 16:25:32
0,65,"CHAPA LAC 1245 X 2440 C 12",1100000094,"0058","1.0058",25334.799,28149.500,0,"TERAR S.A  NRO CLIENTE 256397","GENERAL","HIERROS","CHAPAS","","05-07-2022",-6,0,-6.00,-6.00,"$",1100000066,"",18-07-2022 16:25:32
0,66,"CHAPA LAC 1245 X 2440 C 14",1100000095,"0059","1.0059",20138.862,22376.290,0,"TERAR S.A  NRO CLIENTE 256397","GENERAL","HIERROS","CHAPAS","","05-07-2022",1,0,1.00,1.00,"$",1100000067,"",18-07-2022 16:25:32
0,67,"CHAPA LAF 1000 X 2000 C 16",1100000096,"0060","1.0060",12071.186,13412.290,0,"TERAR S.A  NRO CLIENTE 256397","GENERAL","HIERROS","CHAPAS","","05-07-2022",4,0,4.00,4.00,"$",1100000068,"",18-07-2022 16:25:32
0,68,"CHAPA LAF 1000 X 2000 C 18",1100000097,"0061","1.0061",9616.360,10684.740,0,"TERAR S.A  NRO CLIENTE 256397","GENERAL","HIERROS","CHAPAS","","05-07-2022",-17,0,-16.68,-16.68,"$",1100000069,"",18-07-2022 16:25:32
0,69,"CHAPA LAF 1000 X 2000 C 20",1100000098,"0062","1.0062",6912.125,7680.060,0,"TERAR S.A  NRO CLIENTE 256397","GENERAL","HIERROS","CHAPAS","","05-07-2022",-5,0,-4.95,-4.95,"$",1100000070,"",18-07-2022 16:25:32
0,70,"CHAPA LAF 1220 X 2440 C 16",1100000099,"0063","1.0063",17846.853,19829.640,0,"TERAR S.A  NRO CLIENTE 256397","GENERAL","HIERROS","GENERAL","","05-07-2022",2,0,2.00,2.00,"$",1100000071,"",18-07-2022 16:25:32
0,71,"CHAPA LAF 1220 X 2440 C 20",1100000100,"0064","1.0064",9703.066,10781.080,0,"TERAR S.A  NRO CLIENTE 256397","GENERAL","HIERROS","CHAPAS","","05-07-2022",-3,0,-3.00,-3.00,"$",1100000072,"",18-07-2022 16:25:32
0,72,"CHAPA LAC 1245 X 3000 C 1/8 SEMILLA MELON",1100000101,"0065","1.0065",45240.948,50267.220,0,"TERAR S.A  NRO CLIENTE 256397","GENERAL","HIERROS","CHAPAS","","05-07-2022",1,0,1.08,1.08,"$",1100000073,"",18-07-2022 16:25:32
0,73,"METAL DESPLEGADO 500-30-30 1.5MTS X 3 MTS",1100000102,"0066","1.0066",14870.678,16522.810,0,"TERAR S.A  NRO CLIENTE 256397","GENERAL","HIERROS","GENERAL","","21-06-2022",-14,0,-14.45,-14.45,"$",1100000074,"1100000102.jpg",18-07-2022 16:25:32
0,74,"PERFIL GALVANIZADO 80-40-15 X 1.6",1100000103,"0067","1.0067",15881.250,17645.660,0,"TERAR S.A  NRO CLIENTE 256397","GENERAL","HIERROS","CHAPAS","","05-07-2022",20,0,20.17,20.17,"$",1100000075,"",18-07-2022 16:25:32
0,75,"PERFIL GALVANIZADO 100-40-15 X 1.6",1100000104,"0068","1.0068",15439.600,17154.940,0,"TERAR S.A  NRO CLIENTE 256397","GENERAL","HIERROS","CHAPAS","","05-07-2022",-38,0,-38.00,-38.00,"$",1100000076,"",18-07-2022 16:25:32
0,76,"HIERRO ADN 6MM X 12MTS",1100000105,"0069","1.0069",6.792,7.550,1,"TERAR S.A  NRO CLIENTE 256397","GENERAL","HIERROS","GENERAL","","05-07-2022",-959,0,-959.00,-959.00,"U$D",1100000077,"1100000105.jpg",18-07-2022 16:25:32
0,77,"HIERRO ADN 8MM X 12MTS",1100000106,"0070","1.0070",1655.885,1839.850,0,"TERAR S.A  NRO CLIENTE 256397","GENERAL","HIERROS","GENERAL","","05-07-2022",-186,0,-186.00,-186.00,"$",1100000078,"1100000106.jpg",18-07-2022 16:25:32
0,78,"HIERRO ADN 10 MM X 12 MTS",1100000107,"0071","1.0071",2433.098,2703.420,0,"TERAR S.A  NRO CLIENTE 256397","GENERAL","HIERROS","GENERAL","","05-07-2022",-202,0,-202.00,-202.00,"$",1100000079,"",18-07-2022 16:25:32
0,79,"UPN F24 1ERA-80MM X 12MM 2T",1100000108,"0072","1.0072",41071.348,45634.370,0,"TERAR S.A  NRO CLIENTE 256397","GENERAL","HIERROS","GENERAL","","06-07-2022",1,0,0.50,0.50,"$",1100000080,"",18-07-2022 16:25:32
0,80,"UPN F24 1ERA-100 MM X 12MTS",1100000109,"0073","1.0073",50687.884,56319.310,0,"TERAR S.A  NRO CLIENTE 256397","GENERAL","HIERROS","GENERAL","","06-07-2022",-1,0,-0.58,-0.58,"$",1100000081,"",18-07-2022 16:25:32
0,81,"IPN F24 1ERA-80 MM X 12MTS",1100000110,"0074","1.0074",28176.832,31307.280,0,"TERAR S.A  NRO CLIENTE 256397","GENERAL","HIERROS","GENERAL","","06-07-2022",2,0,2.00,2.00,"$",1100000082,"",18-07-2022 16:25:32
0,82,"IPN F24 1ERA-100 MM X 12MTS",1100000111,"0075","1.0075",39297.095,43663.000,0,"TERAR S.A  NRO CLIENTE 256397","GENERAL","HIERROS","GENERAL","","06-07-2022",2,0,2.00,2.00,"$",1100000083,"",18-07-2022 16:25:32
0,83,"PERFIL TE  25.4 X 3.2 (1" X 1/8) X 6MTS",1100000112,"0076","1.0076",2924.903,3249.860,0,"TERAR S.A  NRO CLIENTE 256397","GENERAL","HIERROS","PLANCHUELA","","06-07-2022",6,0,5.95,5.95,"$",1100000084,"1100000112.jpg",18-07-2022 16:25:32
0,84,"PERFIL TE 31.8 X 4.8 (1 1/4" X 3/16) X 6MTS",1100000113,"0077","1.0077",5723.074,6358.910,0,"TERAR S.A  NRO CLIENTE 256397","GENERAL","HIERROS","GENERAL","","06-07-2022",8,0,7.68,7.68,"$",1100000085,"",18-07-2022 16:25:32
0,85,"ALAMBRE ESAB AUTROD 12.51 0.8 MM X 5KG",1100000114,"0008","2.0008",8772.500,9747.120,0,"ITURRIA S.A.","GENERAL","ACCESORIOS","GENERAL","","05-07-2022",2,0,2.00,2.00,"$",1100000086,"",18-07-2022 16:25:32
0,86,"ALAMBRE ESAB AUTROD 12.51 0.90 MM X 18KG",1100000115,"0009","2.0009",12251.250,13612.360,0,"ITURRIA S.A.","GENERAL","ACCESORIOS","GENERAL","","05-07-2022",2,0,2.00,2.00,"$",1100000087,"",18-07-2022 16:25:32
0,87,"ESTRUCTURAL 10 X 10 1.2 X 6MTS",1100000116,"0078","1.0078",1325.147,1472.370,0,"TERAR S.A  NRO CLIENTE 256397","GENERAL","HIERROS","CAÑOS","","15-07-2022",16,0,16.00,16.00,"$",1100000088,"",18-07-2022 16:25:32
0,88,"ESTRUCTURAL 20 X 20 1.2 X 6 MTS",1100000117,"0079","1.0079",2146.707,2385.210,0,"TERAR S.A  NRO CLIENTE 256397","GENERAL","HIERROS","CAÑOS","","15-07-2022",16,0,16.00,16.00,"$",1100000089,"",18-07-2022 16:25:32
0,89,"ESTRUCTURAL 20 X 20 1.6 X 6MTS",1100000118,"0080","1.0080",2708.601,3009.530,0,"TERAR S.A  NRO CLIENTE 256397","GENERAL","HIERROS","CAÑOS","","15-07-2022",-25,0,-25.00,-25.00,"$",1100000090,"",18-07-2022 16:25:32
0,90,"ESTRUCTURAL 30 X 30 1.6 X 6MTS",1100000121,"0081","1.0081",4286.531,4762.760,0,"TERAR S.A  NRO CLIENTE 256397","GENERAL","HIERROS","CAÑOS","","15-07-2022",-6,0,-5.85,-5.85,"$",1100000091,"",18-07-2022 16:25:32
0,91,"ESTRUCTURAL 40 X 40 1.6 X 6MTS",1100000122,"0082","1.0082",5763.397,6403.710,0,"TERAR S.A  NRO CLIENTE 256397","GENERAL","HIERROS","CAÑOS","","15-07-2022",17,0,17.00,17.00,"$",1100000092,"",18-07-2022 16:25:32
0,92,"ESTRUCTURAL 40 X 40 1.2 X 6MTS",1100000123,"0083","1.0083",4631.904,5146.510,0,"TERAR S.A  NRO CLIENTE 256397","GENERAL","HIERROS","CAÑOS","","15-07-2022",-4,0,-4.00,-4.00,"$",1100000093,"",18-07-2022 16:25:32
0,93,"ESTRUCTURAL 60 X 60 1.6 X 6MTS",1100000124,"0084","1.0084",8710.745,9678.510,0,"TERAR S.A  NRO CLIENTE 256397","GENERAL","HIERROS","CAÑOS","","15-07-2022",14,0,14.00,14.00,"$",1100000094,"",18-07-2022 16:25:32
0,94,"ESTRUCTURAL 70 X 70 1.6MM X 6MTS",1100000126,"0085","1.0085",10193.494,11325.990,0,"TERAR S.A  NRO CLIENTE 256397","GENERAL","HIERROS","CAÑOS","","15-07-2022",12,0,12.00,12.00,"$",1100000095,"",18-07-2022 16:25:32
0,95,"ESTRUCTURAL 80 X 80 1.6 X 6MTS",1100000127,"0086","1.0086",11776.727,13085.120,0,"TERAR S.A  NRO CLIENTE 256397","GENERAL","HIERROS","CAÑOS","","15-07-2022",-2,0,-2.39,-2.39,"$",1100000096,"",18-07-2022 16:25:32
0,96,"ESTRUCTURAL 100 X 100 1.6 MM X 6MTS",1100000128,"0087","1.0087",15616.868,17351.900,0,"TERAR S.A  NRO CLIENTE 256397","GENERAL","HIERROS","CAÑOS","","15-07-2022",9,0,8.50,8.50,"$",1100000097,"",18-07-2022 16:25:32
0,97,"ESTRUCTURAL 30 X 50 1.2 X 6MTS",1100000129,"0088","1.0088",4531.904,5035.400,0,"TERAR S.A  NRO CLIENTE 256397","GENERAL","HIERROS","CAÑOS","","15-07-2022",27,0,27.00,27.00,"$",1100000098,"",18-07-2022 16:25:32
0,98,"ESTRUCTURAL 30 X 50 1.6 X 6MTS",1100000131,"0089","1.0089",5844.763,6494.120,0,"TERAR S.A  NRO CLIENTE 256397","GENERAL","HIERROS","CAÑOS","","15-07-2022",27,0,27.00,27.00,"$",1100000099,"",18-07-2022 16:25:32
0,99,"ESTRUCTURAL 40 X 50 1.2 X 6MTS",1100000132,"0090","1.0090",5099.454,5666.000,0,"TERAR S.A  NRO CLIENTE 256397","GENERAL","HIERROS","CAÑOS","","16-07-2022",0,0,0.00,0.00,"$",1100000100,"",18-07-2022 16:25:32
0,100,"ESTRUCTURAL 40 X 80 1.2 X 6MTS",1100000133,"0091","1.0091",6837.363,7596.990,0,"TERAR S.A  NRO CLIENTE 256397","GENERAL","HIERROS","CAÑOS","","15-07-2022",14,0,14.00,14.00,"$",1100000101,"",18-07-2022 16:25:32
0,101,"ESTRUCTURAL 40 X 80 1.6 X 6MTS",1100000134,"0092","1.0092",8710.745,9678.510,0,"TERAR S.A  NRO CLIENTE 256397","GENERAL","HIERROS","CAÑOS","","15-07-2022",9,0,9.00,9.00,"$",1100000102,"",18-07-2022 16:25:32
0,102,"ESTRUCTURAL 40 X 100 1.6 X 6MTS",1100000135,"0093","1.0093",10193.494,11325.990,0,"TERAR S.A  NRO CLIENTE 256397","GENERAL","HIERROS","CAÑOS","","15-07-2022",-7,0,-7.00,-7.00,"$",1100000103,"",18-07-2022 16:25:32
0,103,"HIERRO 420S 12MM X 12MTS",1100000136,"0094","1.0094",3471.309,3856.970,0,"TERAR S.A  NRO CLIENTE 256397","GENERAL","HIERROS","GENERAL","","05-07-2022",-34,0,-34.00,-34.00,"$",1100000104,"",18-07-2022 16:25:32
0,104,"BARRA HIERRO RED. 12.7 (1/2") X 6MTS",1100000137,"0095","1.0095",2033.753,2259.700,0,"TERAR S.A  NRO CLIENTE 256397","GENERAL","HIERROS","GENERAL","","06-07-2022",-7,0,-6.50,-6.50,"$",1100000105,"",18-07-2022 16:25:32
0,105,"CENEFA 15 X 15 CHAPA GALV. C25 X 2.44MTS",1100000138,"0096","1.0096",3702.600,4113.960,0,"TERAR S.A  NRO CLIENTE 256397","GENERAL","HIERROS","CHAPAS","","05-07-2022",-43,0,-43.00,-43.00,"$",1100000106,"1100000138.jpg",18-07-2022 16:25:32
0,106,"PLANCHUELA PERFORADA CUAD-12.7 31.8X 4.8 X 6MTS",1100000139,"0097","1.0097",2995.310,3328.090,0,"TERAR S.A  NRO CLIENTE 256397","GENERAL","HIERROS","GENERAL","","06-07-2022",-18,0,-18.16,-18.16,"$",1100000107,"",18-07-2022 16:25:32
0,107,"TORNILLO T1 14 X 2 1/2 P/MECHA AUTOP.",1100000140,"0010","2.0010",22.920,25.470,0,"RC DISTRIBUCIONES","GENERAL","ACCESORIOS","GENERAL","","24-06-2022",-201,0,-201.00,-201.00,"$",1100000108,"1100000140.jpg",18-07-2022 16:25:32
0,108,"TORNILLO P17 14 X 2 1/2 P/AGUJA AUTOP.",1100000141,"0011","2.0011",24.078,26.750,0,"ITURRIA S.A.","GENERAL","ACCESORIOS","GENERAL","","26-04-2022",480,0,480.00,480.00,"$",1100000109,"1100000141.jpg",18-07-2022 16:25:32
0,109,"HIERRO CUADRADO 12.70 MM X 6MTS",1100000142,"0098","1.0098",2677.125,2974.550,0,"TERAR S.A  NRO CLIENTE 256397","GENERAL","HIERROS","GENERAL","","06-07-2022",-78,0,-78.30,-78.30,"$",1100000110,"",18-07-2022 16:25:32
0,110,"PUNTA DE LANZA VIKINGO 105",1100000146,"0012","2.0012",186.401,207.110,0,"TERAR S.A  NRO CLIENTE 256397","GENERAL","ACCESORIOS","REJAS/PORTONES","","02-05-2022",60,0,60.00,60.00,"$",1100000111,"",18-07-2022 16:25:32
0,111,"PUNTA FLOR DE LIS 106",1100000147,"0013","2.0013",205.277,228.080,0,"TERAR S.A  NRO CLIENTE 256397","GENERAL","ACCESORIOS","REJAS/PORTONES","","02-05-2022",60,0,60.00,60.00,"$",1100000112,"",18-07-2022 16:25:32
0,112,"PUNTA FLOR DE LIS EXACTA 107",1100000148,"0014","2.0014",238.939,265.490,0,"TERAR S.A  NRO CLIENTE 256397","GENERAL","ACCESORIOS","REJAS/PORTONES","","02-05-2022",40,0,40.00,40.00,"$",1100000113,"",18-07-2022 16:25:32
0,113,"RUEDA P/PORTON CORREDIZO 50MM",1100000149,"0015","2.0015",660.660,734.060,0,"ITURRIA S.A.","GENERAL","ACCESORIOS","RUEDAS","","24-06-2022",22,0,22.00,22.00,"$",1100000114,"",18-07-2022 16:25:32
0,114,"RUEDA P/PORTON CORREDIZO 60MM",1100000151,"0016","2.0016",871.442,968.260,0,"ITURRIA S.A.","GENERAL","ACCESORIOS","RUEDAS","","24-06-2022",7,0,7.00,7.00,"$",1100000115,"",18-07-2022 16:25:32
0,115,"RUEDA P/PORTON CORREDIZO 70MM",1100000152,"0017","2.0017",1482.250,1646.930,0,"ITURRIA S.A.","GENERAL","ACCESORIOS","RUEDAS","","24-06-2022",20,0,20.00,20.00,"$",1100000116,"",18-07-2022 16:25:32
0,116,"RUEDA P/PORTON CORREDIZO 80MM",1100000153,"0018","2.0018",1845.250,2050.260,0,"ITURRIA S.A.","GENERAL","ACCESORIOS","RUEDAS","","24-06-2022",6,0,6.00,6.00,"$",1100000117,"",18-07-2022 16:25:32
0,117,"RUEDA P/PORTON CORREDIZO 100MM",1100000154,"0019","2.0019",1934.790,2149.750,0,"ITURRIA S.A.","GENERAL","ACCESORIOS","RUEDAS","","24-06-2022",6,0,6.00,6.00,"$",1100000118,"",18-07-2022 16:25:32
0,118,"CARRO DE ACERO PARA RIEL A164 (4RUEDAS)",1100000155,"0020","2.0020",519.090,576.760,0,"ITURRIA S.A.","GENERAL","ACCESORIOS","RUEDAS","","24-06-2022",15,0,15.00,15.00,"$",1100000119,"",18-07-2022 16:25:32
0,119,"CARRO DE ACERO A168 (4RUEDAS)",1100000156,"0021","2.0021",432.575,480.630,0,"ITURRIA S.A.","GENERAL","ACCESORIOS","RUEDAS","","24-06-2022",12,0,12.00,12.00,"$",1100000120,"",18-07-2022 16:25:32
0,120,"CARRO DE ACERO PARA RIEL A170 (CUATRO RUEDAS)",1100000157,"0022","2.0022",755.040,838.920,0,"ITURRIA S.A.","GENERAL","ACCESORIOS","RUEDAS","","24-06-2022",10,0,10.00,10.00,"$",1100000121,"",18-07-2022 16:25:32
0,121,"CARRO DE ACERO PARA RIEL A 172 (4 RUEDAS)",1100000158,"0023","2.0023",1808.950,2009.920,0,"ITURRIA S.A.","GENERAL","ACCESORIOS","RUEDAS","","24-06-2022",4,0,4.00,4.00,"$",1100000122,"",18-07-2022 16:25:32
0,122,"CARRO DE ACERO P/ RIEL A174 (4 RUEDAS)",1100000160,"0024","2.0024",2328.040,2586.690,0,"ITURRIA S.A.","GENERAL","ACCESORIOS","RUEDAS","","24-06-2022",6,0,6.00,6.00,"$",1100000123,"",18-07-2022 16:25:32
0,123,"ESTRUCTURAL RED. 1" 1.2 X 6MTS",1100000161,"0099","1.0099",2302.926,2558.780,0,"TERAR S.A  NRO CLIENTE 256397","GENERAL","HIERROS","CAÑOS","","15-07-2022",-5,0,-5.00,-5.00,"$",1100000124,"",18-07-2022 16:25:32
0,124,"ESTRUCTURAL RED. 1 1/4 1.2 X 6MTS",1100000162,"0100","1.0100",2782.229,3091.330,0,"TERAR S.A  NRO CLIENTE 256397","GENERAL","HIERROS","CAÑOS","","15-07-2022",-12,0,-12.25,-12.25,"$",1100000125,"",18-07-2022 16:25:32
0,125,"ESTRUCTURAL REDONDO 1 1/2 1.2 X 6MTS",1100000163,"0101","1.0101",3361.531,3735.000,0,"TERAR S.A  NRO CLIENTE 256397","GENERAL","HIERROS","CAÑOS","","15-07-2022",-1,0,-1.00,-1.00,"$",1100000126,"",18-07-2022 16:25:32
0,126,"ESTRUCTURAL RED. 2" 1.2 X 6MTS",1100000164,"0102","1.0102",4520.152,5022.340,0,"TERAR S.A  NRO CLIENTE 256397","GENERAL","HIERROS","CAÑOS","","15-07-2022",7,0,7.00,7.00,"$",1100000127,"1100000164.jpg",18-07-2022 16:25:32
0,127,"ESTRUCTURAL RED. 2 1/2 1.2 X 6MTS",1100000165,"0103","1.0103",5678.757,6309.670,0,"TERAR S.A  NRO CLIENTE 256397","GENERAL","HIERROS","CAÑOS","","15-07-2022",5,0,5.02,5.02,"$",1100000128,"",18-07-2022 16:25:32
0,128,"PUNTA DE LANZA INGLESA CHICA",1100000166,"0025","2.0025",251.523,279.470,0,"ITURRIA S.A.","GENERAL","ACCESORIOS","REJAS/PORTONES","","02-05-2022",20,0,20.00,20.00,"$",1100000129,"",18-07-2022 16:25:32
0,129,"ESPINA 4 PUNTAS",1100000168,"0026","2.0026",56.628,62.920,0,"ITURRIA S.A.","GENERAL","ACCESORIOS","REJAS/PORTONES","","08-07-2022",50,0,50.00,50.00,"$",1100000130,"",18-07-2022 16:25:32
0,130,"ESPINA DE 5 PUNTAS",1100000169,"0027","2.0027",77.077,85.640,0,"ITURRIA S.A.","GENERAL","ACCESORIOS","REJAS/PORTONES","","08-07-2022",50,0,50.00,50.00,"$",1100000131,"",18-07-2022 16:25:32
0,131,"ESPINA 4 PUNTAS X MTS",1100000170,"0028","2.0028",495.495,550.540,0,"ITURRIA S.A.","GENERAL","ACCESORIOS","REJAS/PORTONES","","08-07-2022",0,0,0.00,0.00,"$",1100000132,"",18-07-2022 16:25:32
0,132,"ESPINA X MTS. C/ PINCHE ENTRE FLORES",1100000171,"0029","2.0029",764.478,849.410,0,"ITURRIA S.A.","GENERAL","ACCESORIOS","REJAS/PORTONES","","08-07-2022",8,0,8.00,8.00,"$",1100000133,"",18-07-2022 16:25:32
0,133,"ESFERA S/ BASE 209 15MM",1100000172,"0030","2.0030",54.740,60.820,0,"ITURRIA S.A.","GENERAL","ACCESORIOS","REJAS/PORTONES","","11-03-2022",25,0,25.00,25.00,"$",1100000134,"",18-07-2022 16:25:32
0,134," ESFERA BOCHIN 211 C/ BASE P/ CUADADO 1/2 ALUM.",1100000174,"0031","2.0031",123.323,137.020,0,"ITURRIA S.A.","GENERAL","ACCESORIOS","REJAS/PORTONES","","11-03-2022",0,0,0.00,0.00,"$",1100000135,"1100000174.jpg",18-07-2022 16:25:32
0,135,"ESFERA BOCHIN  211 C/BASE REDONDO 1/2 ALUM",1100000175,"0032","2.0032",99.886,110.980,0,"ITURRIA S.A.","GENERAL","ACCESORIOS","REJAS/PORTONES","","11-03-2022",30,0,30.00,30.00,"$",1100000136,"",18-07-2022 16:25:32
0,136,"AISLANTE ALUM. 5 MM 1 X 20 MTS",1100000176,"0033","2.0033",2787.988,3097.730,0,"CODIMAT CUENTA NUEVA","GENERAL","ACCESORIOS","GENERAL","","14-04-2022",2,0,2.00,2.00,"$",1100000137,"",18-07-2022 16:25:32
0,137,"AISLANTE ALUM. 10MM 1 X 20MTS",1100000177,"0034","2.0034",4119.995,4577.730,0,"CODIMAT CUENTA NUEVA","GENERAL","ACCESORIOS","GENERAL","","14-04-2022",-15,0,-15.00,-15.00,"$",1100000138,"1100000177.jpg",18-07-2022 16:25:32
0,138,"LANA DE VIDRIO 50MM ALUM. 1.20 X 18 MTS",1100000178,"0035","2.0035",11129.460,12365.940,0,"CODIMAT CUENTA NUEVA","GENERAL","ACCESORIOS","GENERAL","","14-04-2022",-16,0,-16.00,-16.00,"$",1100000139,"",18-07-2022 16:25:32
0,139,"MALLA SOSTEN 2MTS X 50MTS 10X10 CRISTAL",1100000179,"0036","2.0036",3743.757,4159.690,0,"CODIMAT CUENTA NUEVA","GENERAL","ACCESORIOS","GENERAL","","06-07-2022",-4,0,-4.00,-4.00,"$",1100000140,"",18-07-2022 16:25:32
0,140,"CLAVO CABEZA PLOMO 3" X KG",1100000180,"0037","2.0037",912.340,1013.700,0,"CODIMAT CUENTA NUEVA","GENERAL","ACCESORIOS","GENERAL","","31-05-2022",-18,0,-18.00,-18.00,"$",1100000141,"",18-07-2022 16:25:32
0,141,"CLAVO CABEZA PLOMO ESP. 4"",1100000181,"0038","2.0038",1022.450,1136.040,0,"CODIMAT CUENTA NUEVA","GENERAL","ACCESORIOS","GENERAL","","31-05-2022",16,0,16.00,16.00,"$",1100000142,"",18-07-2022 16:25:32
0,142,"GENERICO",1100000184,"0001","6.0001",0.000,0.000,0,"CODIMAT SA","GENERAL","ADMINISTRACION","GENERAL","","01-01-1900",-590,0,-590.18,-590.18,"$",1100000143,"",18-07-2022 16:25:32
0,143,"CLAVO ESPIRALADO 5" X KG",1100000185,"0039","2.0039",962.676,1069.630,0,"CODIMAT CUENTA NUEVA","GENERAL","ACCESORIOS","GENERAL","","14-04-2022",10,0,10.00,10.00,"$",1100000144,"",18-07-2022 16:25:32
0,144,"CLAVO ESPIRALADO 1 1/2"",1100000186,"0040","2.0040",1022.450,1136.040,0,"CODIMAT CUENTA NUEVA","GENERAL","ACCESORIOS","GENERAL","","11-03-2022",10,0,10.00,10.00,"$",1100000145,"",18-07-2022 16:25:32
0,145,"ESTRUCTURAL 50 X 50 1.6 X 6MTS",1100000187,"0104","1.0104",7227.996,8031.030,0,"TERAR S.A  NRO CLIENTE 256397","GENERAL","HIERROS","CAÑOS","","15-07-2022",32,0,32.00,32.00,"$",1100000146,"",18-07-2022 16:25:32
0,146,"BISAGRA 25 X 125",1100000189,"0041","2.0041",1321.320,1468.120,0,"ITURRIA S.A.","GENERAL","ACCESORIOS","REJAS/PORTONES","","08-07-2022",6,0,6.00,6.00,"$",1100000147,"",18-07-2022 16:25:32
0,147,"BISAGRA 32 X 100",1100000190,"0042","2.0042",1698.840,1887.580,0,"ITURRIA S.A.","GENERAL","ACCESORIOS","REJAS/PORTONES","","08-07-2022",5,0,5.00,5.00,"$",1100000148,"",18-07-2022 16:25:32
0,148,"BISAGRA 38 X 100",1100000191,"0043","2.0043",2405.230,2672.450,0,"ITURRIA S.A.","GENERAL","ACCESORIOS","REJAS/PORTONES","","08-07-2022",6,0,6.00,6.00,"$",1100000149,"",18-07-2022 16:25:32
0,149,"BISAGRA 15 X 70",1100000192,"0044","2.0044",340.330,378.140,0,"ITURRIA S.A.","GENERAL","ACCESORIOS","REJAS/PORTONES","","08-07-2022",20,0,20.00,20.00,"$",1100000150,"",18-07-2022 16:25:32
0,150,"BISAGRA 20 X 80",1100000193,"0045","2.0045",547.966,608.850,0,"ITURRIA S.A.","GENERAL","ACCESORIOS","REJAS/PORTONES","","08-07-2022",12,0,12.00,12.00,"$",1100000151,"",18-07-2022 16:25:32
0,151,"BISAGRA 25 X 60",1100000194,"0046","2.0046",678.525,753.910,0,"ITURRIA S.A.","GENERAL","ACCESORIOS","REJAS/PORTONES","","08-07-2022",12,0,12.00,12.00,"$",1100000152,"",18-07-2022 16:25:32
0,152,"BISAGRA 25 X 100",1100000195,"0047","2.0047",1090.651,1211.820,0,"ITURRIA S.A.","GENERAL","ACCESORIOS","REJAS/PORTONES","","08-07-2022",12,0,12.00,12.00,"$",1100000153,"",18-07-2022 16:25:32
0,153,"BISAGRA PARA SOLDAR DE 25 X 50",1100000196,"0048","2.0048",206.625,229.580,0,"ITURRIA S.A.","GENERAL","ACCESORIOS","REJAS/PORTONES","","08-07-2022",46,0,46.00,46.00,"$",1100000154,"",18-07-2022 16:25:32
0,154,"BISAGRA PARA SOLDAR DE 25 X 70",1100000197,"0049","2.0049",285.275,316.970,0,"ITURRIA S.A.","GENERAL","ACCESORIOS","REJAS/PORTONES","","13-07-2022",-32,0,-32.00,-32.00,"$",1100000155,"",18-07-2022 16:25:32
0,155,"BISAGRA MUNICION ALA CORTA",1100000198,"0050","2.0050",262.875,292.080,0,"ITURRIA S.A.","GENERAL","ACCESORIOS","REJAS/PORTONES","","13-05-2022",29,0,29.00,29.00,"$",1100000156,"",18-07-2022 16:25:32
0,156,"BISAGRA MUNICION ALA ANCHA",1100000199,"0051","2.0051",340.330,378.140,0,"ITURRIA S.A.","GENERAL","ACCESORIOS","REJAS/PORTONES","","08-07-2022",45,0,45.00,45.00,"$",1100000157,"",18-07-2022 16:25:32
0,157,"CAJA CERRADURA UNIVERSAL 72 X 100 X 25 C/420",1100000200,"0052","2.0052",466.170,517.960,0,"ITURRIA S.A.","GENERAL","ACCESORIOS","REJAS/PORTONES","","08-07-2022",10,0,10.00,10.00,"$",1100000158,"",18-07-2022 16:25:32
0,158,"CAJA CERRADURA UNIVERSAL CHICA 73 X 160 X 25 C/421",1100000201,"0053","2.0053",631.335,701.480,0,"ITURRIA S.A.","GENERAL","ACCESORIOS","REJAS/PORTONES","","08-07-2022",5,0,5.00,5.00,"$",1100000159,"",18-07-2022 16:25:32
0,159,"CAJA CERRADURA UNIVERSAL CHICA 73X160X25 C/422",1100000202,"0054","2.0054",703.693,781.870,0,"ITURRIA S.A.","GENERAL","ACCESORIOS","REJAS/PORTONES","","08-07-2022",0,0,0.00,0.00,"$",1100000160,"",18-07-2022 16:25:32
0,160,"CAJA CERRADURA UNIVERSAL GRANDE 76X175X32 C/422",1100000203,"0055","2.0055",637.627,708.470,0,"ITURRIA S.A.","GENERAL","ACCESORIOS","REJAS/PORTONES","","08-07-2022",9,0,9.00,9.00,"$",1100000161,"",18-07-2022 16:25:32
0,161,"CAJA CERRADURA ANCHA GRANDE 77 X 175 X 32 C/426",1100000205,"0056","2.0056",851.555,946.160,0,"ITURRIA S.A.","GENERAL","ACCESORIOS","REJAS/PORTONES","","08-07-2022",5,0,5.00,5.00,"$",1100000162,"",18-07-2022 16:25:32
0,162,"CAJA CERRADURA 45 X 150 X 20 C/428",1100000206,"0057","2.0057",584.145,649.040,0,"ITURRIA S.A.","GENERAL","ACCESORIOS","REJAS/PORTONES","","08-07-2022",5,0,5.00,5.00,"$",1100000163,"",18-07-2022 16:25:32
0,163,"KIT GRANERO",1100000207,"0058","2.0058",7112.095,7902.250,0,"ITURRIA S.A.","GENERAL","ACCESORIOS","REJAS/PORTONES","","08-07-2022",1,0,1.00,1.00,"$",1100000164,"",18-07-2022 16:25:32
0,164,"ESTABILIZADOR INDIVIDUAL CHICO DE TEFLON",1100000208,"0059","2.0059",560.550,622.830,0,"ITURRIA S.A.","GENERAL","ACCESORIOS","REJAS/PORTONES","","08-06-2022",5,0,5.00,5.00,"$",1100000165,"",18-07-2022 16:25:32
0,165,"ESTABILIZADOR SIMPLE",1100000209,"0060","2.0060",1111.100,1234.540,0,"ITURRIA S.A.","GENERAL","ACCESORIOS","REJAS/PORTONES","","08-06-2022",-8,0,-8.00,-8.00,"$",1100000166,"",18-07-2022 16:25:32
0,166,"ESTABILIZADOR DOBLE",1100000210,"0061","2.0061",2180.740,2423.020,0,"ITURRIA S.A.","GENERAL","ACCESORIOS","REJAS/PORTONES","","08-07-2022",4,0,4.00,4.00,"$",1100000167,"",18-07-2022 16:25:32
0,167,"RULEMAN GUIA CON PERNO",1100000211,"0062","2.0062",1756.030,1951.120,0,"ITURRIA S.A.","GENERAL","ACCESORIOS","REJAS/PORTONES","","08-07-2022",5,0,5.00,5.00,"$",1100000168,"",18-07-2022 16:25:32
0,168,"RULEMAN CON MUESCA PARA LEVADIZO",1100000212,"0063","2.0063",1818.950,2021.040,0,"ITURRIA S.A.","GENERAL","ACCESORIOS","REJAS/PORTONES","","08-07-2022",3,0,3.00,3.00,"$",1100000169,"",18-07-2022 16:25:32
0,169,"ARABESCO CHATO CHICO 88",1100000213,"0064","2.0064",636.526,707.240,0,"ITURRIA S.A.","GENERAL","ACCESORIOS","REJAS/PORTONES","","02-05-2022",10,0,10.00,10.00,"$",1100000170,"",18-07-2022 16:25:32
0,170,"ARABESCO CHATO GRANDE 89",1100000214,"0065","2.0065",814.590,905.090,0,"ITURRIA S.A.","GENERAL","ACCESORIOS","REJAS/PORTONES","","02-05-2022",10,0,10.00,10.00,"$",1100000171,"",18-07-2022 16:25:32
0,171,"PLACA P/NUMERO 3018",1100000215,"0066","2.0066",7129.319,7921.390,0,"ITURRIA S.A.","GENERAL","ACCESORIOS","REJAS/PORTONES","","15-07-2022",1,0,1.00,1.00,"$",1100000172,"",18-07-2022 16:25:32
0,172,"NUMERO DE ALUMINIO 65MM",1100000216,"0067","2.0067",157.422,174.910,0,"ITURRIA S.A.","GENERAL","ACCESORIOS","REJAS/PORTONES","","15-07-2022",100,0,100.00,100.00,"$",1100000173,"",18-07-2022 16:25:32
0,173,"NUMERO DE BRONCE 65MM",1100000217,"0068","2.0068",618.200,686.880,0,"ITURRIA S.A.","GENERAL","ACCESORIOS","REJAS/PORTONES","","15-07-2022",50,0,50.00,50.00,"$",1100000174,"",18-07-2022 16:25:32
0,174,"CAMPANA CHICA C/MENSULA",1100000218,"0069","2.0069",3360.805,3734.190,0,"ITURRIA S.A.","GENERAL","ACCESORIOS","REJAS/PORTONES","","16-03-2022",1,0,1.00,1.00,"$",1100000175,"",18-07-2022 16:25:32
0,175,"CAMPANA GRANDE C/MENSULA",1100000219,"0070","2.0070",5277.033,5863.310,0,"ITURRIA S.A.","GENERAL","ACCESORIOS","REJAS/PORTONES","","16-03-2022",1,0,1.00,1.00,"$",1100000176,"",18-07-2022 16:25:32
0,176,"RIZO R1",1100000220,"0071","2.0071",206.625,229.580,0,"ITURRIA S.A.","GENERAL","ACCESORIOS","REJAS/PORTONES","","16-03-2022",10,0,10.00,10.00,"$",1100000177,"",18-07-2022 16:25:32
0,177,"RIZO R2 DOBLE",1100000221,"0072","2.0072",531.921,591.020,0,"ITURRIA S.A.","GENERAL","ACCESORIOS","REJAS/PORTONES","","16-03-2022",10,0,10.00,10.00,"$",1100000178,"",18-07-2022 16:25:32
0,178,"RIZO R3",1100000222,"0073","2.0073",222.827,247.580,0,"ITURRIA S.A.","GENERAL","ACCESORIOS","REJAS/PORTONES","","16-03-2022",10,0,10.00,10.00,"$",1100000179,"",18-07-2022 16:25:32
0,179,"RIZO R3 DOBLE",1100000223,"0074","2.0074",449.249,499.160,0,"ITURRIA S.A.","GENERAL","ACCESORIOS","REJAS/PORTONES","","16-03-2022",10,0,10.00,10.00,"$",1100000180,"",18-07-2022 16:25:32
0,180,"ESFERA PARA COLUMNA 2 1/2" ALUM",1100000224,"0075","2.0075",913.441,1014.920,0,"ITURRIA S.A.","GENERAL","ACCESORIOS","REJAS/PORTONES","","16-03-2022",10,0,10.00,10.00,"$",1100000181,"1100000224.jpg",18-07-2022 16:25:32
0,181,"TAPA 2 1/2 X 1.6MM",1100000226,"0076","2.0076",334.892,372.100,0,"ITURRIA S.A.","GENERAL","ACCESORIOS","REJAS/PORTONES","","16-03-2022",20,0,20.00,20.00,"$",1100000182,"",18-07-2022 16:25:32
0,182,"TAPA 2" X 1.2MM",1100000227,"0077","2.0077",231.860,257.620,0,"ITURRIA S.A.","GENERAL","ACCESORIOS","REJAS/PORTONES","","16-03-2022",10,0,10.00,10.00,"$",1100000183,"",18-07-2022 16:25:32
0,183,"TAPA 3" X 1.6MM",1100000228,"0078","2.0078",460.260,511.390,0,"ITURRIA S.A.","GENERAL","ACCESORIOS","REJAS/PORTONES","","16-03-2022",20,0,20.00,20.00,"$",1100000184,"",18-07-2022 16:25:32
0,184,"TAPA 4" X 1.6MM",1100000229,"0079","2.0079",576.819,640.900,0,"ITURRIA S.A.","GENERAL","ACCESORIOS","REJAS/PORTONES","","16-03-2022",10,0,10.00,10.00,"$",1100000185,"",18-07-2022 16:25:32
0,185,"TAPA 40 X 40 1.2MM",1100000230,"0080","2.0080",134.963,149.960,0,"ITURRIA S.A.","GENERAL","ACCESORIOS","REJAS/PORTONES","","16-03-2022",50,0,50.00,50.00,"$",1100000186,"",18-07-2022 16:25:32
0,186,"TAPA 50 X 50 X 1.2MM",1100000231,"0081","2.0081",139.053,154.500,0,"ITURRIA S.A.","GENERAL","ACCESORIOS","REJAS/PORTONES","","16-03-2022",50,0,50.00,50.00,"$",1100000187,"",18-07-2022 16:25:32
0,187,"TAPA 60 X 60 1.2MM",1100000232,"0082","2.0082",161.862,179.840,0,"ITURRIA S.A.","GENERAL","ACCESORIOS","REJAS/PORTONES","","16-03-2022",47,0,47.00,47.00,"$",1100000188,"",18-07-2022 16:25:32
0,188,"TAPA 70 X 70 1.2MM",1100000233,"0083","2.0083",281.095,312.320,0,"ITURRIA S.A.","GENERAL","ACCESORIOS","REJAS/PORTONES","","16-03-2022",27,0,27.00,27.00,"$",1100000189,"",18-07-2022 16:25:32
0,189,"TAPA 80 X 80 X 1.2MM",1100000234,"0084","2.0084",291.005,323.340,0,"ITURRIA S.A.","GENERAL","ACCESORIOS","REJAS/PORTONES","","13-07-2022",18,0,18.00,18.00,"$",1100000190,"",18-07-2022 16:25:32
0,190,"TAPA 100 X 100 X 1.2MM",1100000235,"0085","2.0085",359.745,399.710,0,"ITURRIA S.A.","GENERAL","ACCESORIOS","REJAS/PORTONES","","16-03-2022",29,0,29.00,29.00,"$",1100000191,"",18-07-2022 16:25:32
0,191,"PIRAMIDE 217 X 80 ALUM.",1100000236,"0086","2.0086",768.725,854.130,0,"ITURRIA S.A.","GENERAL","ACCESORIOS","REJAS/PORTONES","","16-03-2022",10,0,10.00,10.00,"$",1100000192,"",18-07-2022 16:25:32
0,192,"PIRAMIDE 217 X 100 ALUM",1100000237,"0087","2.0087",1050.764,1167.500,0,"ITURRIA S.A.","GENERAL","ACCESORIOS","REJAS/PORTONES","","16-03-2022",0,0,0.00,0.00,"$",1100000193,"",18-07-2022 16:25:32
0,193,"PIRAMIDE 217 X 100 HIERRO",1100000238,"0088","2.0088",1485.541,1650.580,0,"ITURRIA S.A.","GENERAL","ACCESORIOS","REJAS/PORTONES","","16-03-2022",0,0,0.00,0.00,"$",1100000194,"",18-07-2022 16:25:32
0,194,"ESTRUCTURAL 25 X 25 1.2MM X 6MTS",1100000239,"0105","1.0105",2782.229,3091.330,0,"TERAR S.A  NRO CLIENTE 256397","GENERAL","HIERROS","CAÑOS","","15-07-2022",1,0,1.00,1.00,"$",1100000195,"",18-07-2022 16:25:32
0,195,"ESTRUCTURAL 25 X 25 1.6MM X 6MTS",1100000240,"0106","1.0106",3520.646,3911.790,0,"TERAR S.A  NRO CLIENTE 256397","GENERAL","HIERROS","CAÑOS","","15-07-2022",10,0,10.00,10.00,"$",1100000196,"",18-07-2022 16:25:32
0,196,"ESTRUCTURAL 20 X 30 1.24 X 6MTS",1100000241,"0107","1.0107",2782.229,3091.330,0,"TERAR S.A  NRO CLIENTE 256397","GENERAL","HIERROS","CAÑOS","","15-07-2022",11,0,11.00,11.00,"$",1100000197,"",18-07-2022 16:25:32
0,197,"ESTRUCTURAL 20 X 30 1.6MM X 6MTS",1100000242,"0108","1.0108",3620.646,4022.900,0,"TERAR S.A  NRO CLIENTE 256397","GENERAL","HIERROS","CAÑOS","","15-07-2022",5,0,4.50,4.50,"$",1100000198,"",18-07-2022 16:25:32
0,198,"ESFERA P/COLUMNA 2 1/2"",1100000243,"0089","2.0089",913.441,1014.920,0,"ITURRIA S.A.","GENERAL","ACCESORIOS","REJAS/PORTONES","","21-03-2022",10,0,10.00,10.00,"$",1100000199,"",18-07-2022 16:25:32
0,199,"ESFERA P/ COLUMNA 1 1/2 CON BASE ALUM. 51213",1100000244,"0090","2.0090",653.739,726.370,0,"ITURRIA S.A.","GENERAL","ACCESORIOS","REJAS/PORTONES","","21-03-2022",10,0,10.00,10.00,"$",1100000200,"1100000244.jpg",18-07-2022 16:25:32
0,200,"ESFERA P/ COLUMNA 2" C/ BASE ALUM. 52213",1100000245,"0091","2.0091",669.941,744.370,0,"ITURRIA S.A.","GENERAL","ACCESORIOS","REJAS/PORTONES","","21-03-2022",10,0,10.00,10.00,"$",1100000201,"1100000245.jpg",18-07-2022 16:25:32
0,201,"ESFERA P/COLUMNA DE 3" ALUM.",1100000246,"0092","2.0092",1242.670,1380.730,0,"ITURRIA S.A.","GENERAL","ACCESORIOS","REJAS/PORTONES","","21-03-2022",10,0,10.00,10.00,"$",1100000202,"",18-07-2022 16:25:32
0,202,"ESFERA P/ COLUMNA DE 4" ALUM.",1100000247,"0093","2.0093",1805.332,2005.900,0,"ITURRIA S.A.","GENERAL","ACCESORIOS","REJAS/PORTONES","","21-03-2022",5,0,5.00,5.00,"$",1100000203,"",18-07-2022 16:25:32
0,203,"ESFERA P/COLUMNA 80 X 80 ALUM.",1100000248,"0094","2.0094",1291.433,1434.910,0,"ITURRIA S.A.","GENERAL","ACCESORIOS","REJAS/PORTONES","","21-03-2022",5,0,5.00,5.00,"$",1100000204,"",18-07-2022 16:25:32
0,204,"ESFERA P/ COLUMNA 100 X 100 ALUM.",1100000249,"0095","2.0095",2142.898,2380.970,0,"ITURRIA S.A.","GENERAL","ACCESORIOS","REJAS/PORTONES","","21-03-2022",5,0,5.00,5.00,"$",1100000205,"",18-07-2022 16:25:32
0,205,"ESFERA SIN BASE 20 MM CON AUGUJERO",1100000250,"0096","2.0096",106.020,117.800,0,"ITURRIA S.A.","GENERAL","ACCESORIOS","REJAS/PORTONES","","21-03-2022",50,0,50.00,50.00,"$",1100000206,"",18-07-2022 16:25:32
0,206,"ESSFERA SIN BASE 209 DE 25 MM",1100000251,"0097","2.0097",145.031,161.140,0,"ITURRIA S.A.","GENERAL","ACCESORIOS","REJAS/PORTONES","","21-03-2022",30,0,30.00,30.00,"$",1100000207,"",18-07-2022 16:25:32
0,207,"ESFERA SIN BASE C/ AGUJERO DE 30 MM",1100000252,"0098","2.0098",227.770,253.080,0,"ITURRIA S.A.","GENERAL","ACCESORIOS","REJAS/PORTONES","","21-03-2022",20,0,20.00,20.00,"$",1100000208,"",18-07-2022 16:25:32
0,208,"PLANCHUELA PERF. RED-12.7 (31.8 X 4.8) X 6 MTRS",1100000253,"0109","1.0109",3025.484,3361.620,0,"TERAR S.A  NRO CLIENTE 256397","GENERAL","HIERROS","PLANCHUELA","","06-07-2022",-5,0,-5.00,-5.00,"$",1100000209,"",18-07-2022 16:25:32
0,209,"ESMALTE SINTETICO TRIPLE ACCION BLANCO X 1LTS",1100000254,"0099","2.0099",1534.517,1705.000,0,"DIS-AT MAYORISTA","GENERAL","ACCESORIOS","PINTURAS","","23-03-2022",4,0,4.00,4.00,"$",1100000210,"",18-07-2022 16:25:32
0,210,"ESMALTE SINTETICO NEGRO BRI/SAT X 1LTS",1100000255,"0100","2.0100",1540.092,1711.200,0,"DIS-AT MAYORISTA","GENERAL","ACCESORIOS","PINTURAS","","15-07-2022",-9,0,-9.00,-9.00,"$",1100000211,"1100000255.jpg",18-07-2022 16:25:32
0,211,"ESMALTE SINTETICO GRIS ESPACIAL X 1LT",1100000256,"0101","2.0101",1248.720,1387.450,0,"DIS-AT MAYORISTA","GENERAL","ACCESORIOS","PINTURAS","","23-03-2022",2,0,2.00,2.00,"$",1100000212,"",18-07-2022 16:25:32
0,212,"ESMALTE SINTETICO BERMELLON X 1 LTS",1100000257,"0102","2.0102",1534.517,1705.000,0,"DIS-AT MAYORISTA","GENERAL","ACCESORIOS","PINTURAS","","23-03-2022",2,0,2.00,2.00,"$",1100000213,"",18-07-2022 16:25:32
0,213,"ESMALTE SINTETICO BERMELLON X 500CC",1100000258,"0103","2.0103",1009.751,1121.930,0,"DIS-AT MAYORISTA","GENERAL","ACCESORIOS","PINTURAS","","23-03-2022",6,0,6.00,6.00,"$",1100000214,"",18-07-2022 16:25:32
0,214,"ESMALTE SINTETICO VERDE INGLES X 4LTS",1100000259,"0104","2.0104",4557.523,5063.860,0,"DIS-AT MAYORISTA","GENERAL","ACCESORIOS","PINTURAS","","23-03-2022",2,0,2.00,2.00,"$",1100000215,"",18-07-2022 16:25:32
0,215,"ESMALTE SINTETICO BLANCO X 4LTS TRIPLE ACCION",1100000260,"0105","2.0105",5620.198,6244.600,0,"DIS-AT MAYORISTA","GENERAL","ACCESORIOS","PINTURAS","","23-03-2022",3,0,3.00,3.00,"$",1100000216,"",18-07-2022 16:25:32
0,216,"PINCEL Nº 15",1100000261,"0106","2.0106",253.679,281.860,0,"DIS-AT MAYORISTA","GENERAL","ACCESORIOS","PINTURAS","","23-03-2022",11,0,11.00,11.00,"$",1100000217,"",18-07-2022 16:25:32
0,217,"PINCEL Nº 20",1100000262,"0107","2.0107",316.860,352.060,0,"DIS-AT MAYORISTA","GENERAL","ACCESORIOS","PINTURAS","","23-03-2022",8,0,8.00,8.00,"$",1100000218,"",18-07-2022 16:25:32
0,218,"PINCEL Nº 25",1100000263,"0108","2.0108",400.643,445.150,0,"DIS-AT MAYORISTA","GENERAL","ACCESORIOS","PINTURAS","","23-03-2022",12,0,12.00,12.00,"$",1100000219,"",18-07-2022 16:25:32
0,219,"PINCEL Nº 30",1100000265,"0109","2.0109",492.299,546.990,0,"DIS-AT MAYORISTA","GENERAL","ACCESORIOS","PINTURAS","","23-03-2022",12,0,12.00,12.00,"$",1100000220,"",18-07-2022 16:25:32
0,220,"MINI RODILLO P/ REJA CUD/RED",1100000266,"0110","2.0110",122.511,136.120,0,"DIS-AT MAYORISTA","GENERAL","ACCESORIOS","PINTURAS","","23-03-2022",22,0,22.00,22.00,"$",1100000221,"",18-07-2022 16:25:32
0,221,"GUANTE MOTEADO (PAR)",1100000267,"0111","2.0111",188.760,209.730,0,"DIS-AT MAYORISTA","GENERAL","ACCESORIOS","SEGURIDAD","","13-05-2022",29,0,29.00,29.00,"$",1100000222,"",18-07-2022 16:25:32
0,222,"VIRUTA MEDIANA",1100000268,"0112","2.0112",308.957,343.280,0,"DIS-AT MAYORISTA","GENERAL","ACCESORIOS","PINTURAS","","23-03-2022",9,0,9.00,9.00,"$",1100000223,"",18-07-2022 16:25:32
0,223,"ESTRUCTURAL 40 X 60 1.2MM X 6MTS",1100000269,"0110","1.0110",5678.757,6309.670,0,"TERAR S.A  NRO CLIENTE 256397","GENERAL","HIERROS","CAÑOS","","15-07-2022",8,0,7.50,7.50,"$",1100000224,"",18-07-2022 16:25:32
0,224,"ESTRUCTURAL 40 X 60 1.6MM X 6MTS",1100000270,"0111","1.0111",7227.996,8031.030,0,"TERAR S.A  NRO CLIENTE 256397","GENERAL","HIERROS","CAÑOS","","15-07-2022",5,0,5.00,5.00,"$",1100000225,"",18-07-2022 16:25:32
0,225,"DISCO DE CORTE NORTON 115 X 1.0 MM",1100000271,"0113","2.0113",90.548,100.610,0,"DIS-AT MAYORISTA","GENERAL","ACCESORIOS","GENERAL","","25-03-2022",100,0,100.00,100.00,"$",1100000226,"",18-07-2022 16:25:32
0,226,"PINTURA AEROSOL BLANCO BRILLANTE RUST-OLEUM",1100000272,"0114","2.0114",1339.677,1488.520,0,"DIS-AT MAYORISTA","GENERAL","ACCESORIOS","PINTURAS","","25-03-2022",6,0,6.00,6.00,"$",1100000227,"",18-07-2022 16:25:32
0,227,"PINTURA AEROSOL BLANCO MATE RUST-OLEUM",1100000273,"0115","2.0115",1339.677,1488.520,0,"DIS-AT MAYORISTA","GENERAL","ACCESORIOS","PINTURAS","","25-03-2022",6,0,6.00,6.00,"$",1100000228,"",18-07-2022 16:25:32
0,228,"PINTURA AEROSOL RUST-OLEUM NEGRO BRILLANTE",1100000274,"0116","2.0116",1339.677,1488.520,0,"DIS-AT MAYORISTA","GENERAL","ACCESORIOS","PINTURAS","","25-03-2022",12,0,12.00,12.00,"$",1100000229,"",18-07-2022 16:25:32
0,229,"PINTURA AEROSOL RUST-OLEUM NEGRO MATE",1100000275,"0117","2.0117",1339.677,1488.520,0,"DIS-AT MAYORISTA","GENERAL","ACCESORIOS","PINTURAS","","25-03-2022",0,0,0.00,0.00,"$",1100000230,"",18-07-2022 16:25:32
0,230,"TELA DE ESMERI G60",1100000276,"0118","2.0118",80.758,89.730,0,"DIS-AT MAYORISTA","GENERAL","ACCESORIOS","PINTURAS","","25-03-2022",19,0,19.00,19.00,"$",1100000231,"",18-07-2022 16:25:32
0,231,"TELA DE ESMERIL G120",1100000277,"0119","2.0119",80.758,89.730,0,"DIS-AT MAYORISTA","GENERAL","ACCESORIOS","PINTURAS","","25-03-2022",25,0,25.00,25.00,"$",1100000232,"",18-07-2022 16:25:32
0,232,"DISCO FLAP 155MM GR. MED.",1100000278,"0120","2.0120",242.000,268.890,0,"DIS-AT MAYORISTA","GENERAL","ACCESORIOS","GENERAL","","21-06-2022",-5,0,-5.00,-5.00,"$",1100000233,"",18-07-2022 16:25:32
0,233,"CEPILLO ACERO CABO PLASTICO MOTA",1100000279,"0121","2.0121",446.874,496.520,0,"DIS-AT MAYORISTA","GENERAL","ACCESORIOS","GENERAL","","01-07-2022",3,0,3.00,3.00,"$",1100000234,"",18-07-2022 16:25:32
0,234,"CERRADURA CANDEX ART. 115",1100000283,"0122","2.0122",3062.153,3402.360,0,"ITURRIA S.A.","GENERAL","ACCESORIOS","REJAS/PORTONES","","12-07-2022",4,0,4.00,4.00,"$",1100000235,"",18-07-2022 16:25:32
0,235,"CERRADURA CANDEX ART. 116",1100000285,"0123","2.0123",3062.806,3403.080,0,"ITURRIA S.A.","GENERAL","ACCESORIOS","REJAS/PORTONES","","12-07-2022",5,0,5.00,5.00,"$",1100000236,"",18-07-2022 16:25:32
0,236,"CERRADURA CANDEX ART. 117",1100000286,"0124","2.0124",3295.997,3662.180,0,"ITURRIA S.A.","GENERAL","ACCESORIOS","REJAS/PORTONES","","12-07-2022",4,0,4.00,4.00,"$",1100000237,"",18-07-2022 16:25:32
0,237,"CERRADURA  CERROJO CANDEX ART. 119",1100000287,"0125","2.0125",1713.838,1904.250,0,"ITURRIA S.A.","GENERAL","ACCESORIOS","REJAS/PORTONES","","12-07-2022",0,0,0.00,0.00,"$",1100000238,"1100000287.jpg",18-07-2022 16:25:32
0,238,"CERRADURA CANDEX ART. 121",1100000288,"0126","2.0126",2976.436,3307.120,0,"ITURRIA S.A.","GENERAL","ACCESORIOS","REJAS/PORTONES","","12-07-2022",-9,0,-9.00,-9.00,"$",1100000239,"1100000288.jpg",18-07-2022 16:25:32
0,239,"CERRADURA CANDEX ART. 123",1100000289,"0127","2.0127",3842.108,4268.970,0,"ITURRIA S.A.","GENERAL","ACCESORIOS","REJAS/PORTONES","","12-07-2022",0,0,0.00,0.00,"$",1100000240,"",18-07-2022 16:25:32
0,240,"CERRADURA CANDEX DUE  / 22",1100000290,"0128","2.0128",2013.138,2236.800,0,"ITURRIA S.A.","GENERAL","ACCESORIOS","REJAS/PORTONES","","12-07-2022",15,0,15.00,15.00,"$",1100000241,"",18-07-2022 16:25:32
0,241,"PERFIL TE 19.0 X 3.2 (3/4 X 1/8) X 6 MTS.",1100000291,"0112","1.0112",2329.462,2588.270,0,"TERAR S.A  NRO CLIENTE 256397","GENERAL","HIERROS","GENERAL","","06-07-2022",13,0,12.84,12.84,"$",1100000242,"",18-07-2022 16:25:32
0,242,"MALLA JOB SHOP Q216 2.6 2.6 25X25",1100000292,"0113","1.0113",7485.363,8316.990,0,"TERAR S.A  NRO CLIENTE 256397","GENERAL","HIERROS","GENERAL","","14-07-2022",-7,0,-7.00,-7.00,"$",1100000243,"",18-07-2022 16:25:32
0,243,"CHAPA ACANALADA POLIPROPILENO ESP. 1.1MM 1.10 X MTRS",1100000293,"0114","1.0114",1415.700,1572.980,0,"TERAR S.A  NRO CLIENTE 256397","GENERAL","HIERROS","CHAPAS","","05-07-2022",-39,0,-39.10,-39.10,"$",1100000244,"1100000293.jpg",18-07-2022 16:25:32
0,244,"TORNILLO T1 14 X 2" P/MECHA AUT.",1100000294,"0129","2.0129",19.989,22.210,0,"ITURRIA S.A.","GENERAL","ACCESORIOS","GENERAL","","24-06-2022",670,0,670.00,670.00,"$",1100000245,"1100000294.jpg",18-07-2022 16:25:32
0,245,"ESTRUCTURAL 30 X 70 1.6MM X 6 MTS",1100000295,"0115","1.0115",7227.996,8031.030,0,"FERROSTIL S.A.","GENERAL","HIERROS","CAÑOS","","15-07-2022",-44,0,-43.55,-43.55,"$",1100000246,"",18-07-2022 16:25:32
0,246,"ESTRUCTURAL 20 X 60 1.6MM X 6 MTS",1100000296,"0116","1.0116",5744.763,6383.010,0,"FERROSTIL S.A.","GENERAL","HIERROS","CAÑOS","","16-07-2022",6,0,6.00,6.00,"$",1100000247,"",18-07-2022 16:25:32
0,247,"ESTRUCTURAL 40 X 100 2MM X 6MTS",1100000297,"0117","1.0117",10552.426,11724.800,0,"FERROSTIL S.A.","GENERAL","HIERROS","CAÑOS","","05-07-2022",2,0,2.00,2.00,"$",1100000248,"",18-07-2022 16:25:32
0,248,"PERFIL C LAC 100 40 15 1.6MM X 12 MTS",1100000298,"0118","1.0118",15548.984,17276.480,0,"TERAR S.A  NRO CLIENTE 256397","GENERAL","HIERROS","CHAPAS","","05-07-2022",-6,0,-6.00,-6.00,"$",1100000249,"",18-07-2022 16:25:32
0,249," PLANCHUELA 101.6 X 9.5 MM X 6MTS",1100000299,"0119","1.0119",17090.766,18989.550,0,"TERAR S.A  NRO CLIENTE 256397","GENERAL","HIERROS","PLANCHUELA","","06-07-2022",5,0,5.00,5.00,"$",1100000250,"1100000299.jpg",18-07-2022 16:25:32
0,250,"ALAMBRE NEGRO RECOCIDO Nº17 X KG",1100000300,"0130","2.0130",1147.080,1274.520,0,"CUATRO BARRAS","GENERAL","ACCESORIOS","GENERAL","","13-06-2022",85,0,85.00,85.00,"$",1100000251,"",18-07-2022 16:25:32
0,251,"CLAVO PUNTA PARIS ESPIRALADO 3" X KG",1100000301,"0131","2.0131",627.264,696.950,0,"CUATRO BARRAS","GENERAL","ACCESORIOS","GENERAL","","14-04-2022",16,0,16.00,16.00,"$",1100000252,"",18-07-2022 16:25:32
0,252,"CLAVO PUNTA PARIS ESPIRALADO 2" X KG",1100000302,"0132","2.0132",940.896,1045.430,0,"CUATRO BARRAS","GENERAL","ACCESORIOS","GENERAL","","14-04-2022",16,0,16.00,16.00,"$",1100000253,"",18-07-2022 16:25:32
0,253,"CLAVO PUNTA PARIS ESPIRALADO 2 1/2" X KG",1100000303,"0133","2.0133",836.352,929.270,0,"CUATRO BARRAS","GENERAL","ACCESORIOS","GENERAL","","14-04-2022",14,0,14.00,14.00,"$",1100000254,"",18-07-2022 16:25:32
0,254,"CLAVO PUNTA PARIS 3" X KG",1100000304,"0134","2.0134",627.264,696.950,0,"CUATRO BARRAS","GENERAL","ACCESORIOS","GENERAL","","14-04-2022",9,0,9.00,9.00,"$",1100000255,"",18-07-2022 16:25:32
0,255,"PLANCHUELA F24 101 X 12.7 (4" X 1/2") X 6MTRS",1100000305,"0120","1.0120",27456.670,30507.110,0,"TERAR S.A  NRO CLIENTE 256397","GENERAL","HIERROS","PLANCHUELA","","06-07-2022",4,0,4.00,4.00,"$",1100000256,"",18-07-2022 16:25:32
0,256,"CHAPA PERFORADA TREBOL MED. C22 1 X 2 MTS",1100000306,"0121","1.0121",10890.000,12099.880,0,"TERAR S.A  NRO CLIENTE 256397","GENERAL","HIERROS","CHAPAS","","05-07-2022",4,0,4.00,4.00,"$",1100000257,"",18-07-2022 16:25:32
0,257,"HIERRO U 50 X 25 X 5",1100000307,"0122","1.0122",9628.424,10698.140,0,"CODIMAT CUENTA NUEVA","GENERAL","HIERROS","GENERAL","","06-07-2022",-4,0,-3.57,-3.57,"$",1100000258,"",18-07-2022 16:25:32
0,258,"HIERRO U 50 X 38 X 5",1100000308,"0123","1.0123",12548.668,13942.830,0,"CODIMAT CUENTA NUEVA","GENERAL","HIERROS","GENERAL","","06-07-2022",0,0,0.00,0.00,"$",1100000259,"",18-07-2022 16:25:32
0,259,"MEDIO NUDO 79",1100000309,"0135","2.0135",90.006,100.010,0,"FADECA","GENERAL","ACCESORIOS","REJAS/PORTONES","","13-07-2022",-40,0,-40.00,-40.00,"$",1100000260,"",18-07-2022 16:25:32
0,260,"MEMBRANA EL MEMBRANERO Nº4 35KG",1100000312,"0136","2.0136",6231.433,6923.750,0,"DIS-AT MAYORISTA","GENERAL","ACCESORIOS","GENERAL","","09-06-2022",3,0,3.00,3.00,"$",1100000261,"",18-07-2022 16:25:32
0,261,"TERSIFLEX MULTPROP. BLANCO 450CC",1100000313,"0137","2.0137",1039.191,1154.650,0,"DIS-AT MAYORISTA","GENERAL","ACCESORIOS","GENERAL","","22-04-2022",4,0,4.00,4.00,"$",1100000262,"",18-07-2022 16:25:32
0,262,"ESMALTE SINTETICO GRIS GRAFITO 2.5LTS TERSUAVE",1100000314,"0138","2.0138",6702.509,7447.160,0,"DIS-AT MAYORISTA","GENERAL","ACCESORIOS","REJAS/PORTONES","","22-04-2022",0,0,0.00,0.00,"$",1100000263,"",18-07-2022 16:25:32
0,263,"PASADOR MAUSER PISTOLETE 250MM",1100000315,"0139","2.0139",932.571,1036.180,0,"DIS-AT MAYORISTA","GENERAL","ACCESORIOS","REJAS/PORTONES","","22-04-2022",4,0,4.00,4.00,"$",1100000264,"",18-07-2022 16:25:32
0,264,"PASADOR MAUSER PISTOLETE 300MM",1100000317,"0140","2.0140",1330.649,1478.480,0,"DIS-AT MAYORISTA","GENERAL","ACCESORIOS","GENERAL","","23-04-2022",0,0,0.00,0.00,"$",1100000265,"",18-07-2022 16:25:32
0,265,"PASADOR PORTA CANDADO 140MM",1100000318,"0141","2.0141",565.368,628.180,0,"DIS-AT MAYORISTA","GENERAL","ACCESORIOS","GENERAL","","13-05-2022",3,0,3.00,3.00,"$",1100000266,"",18-07-2022 16:25:32
0,266,"ESMALTE SINTETICO TRIPLE ACCION NEGRO 4LTS",1100000319,"0142","2.0142",6046.718,6718.510,0,"DIS-AT MAYORISTA","GENERAL","ACCESORIOS","REJAS/PORTONES","","23-04-2022",3,0,3.00,3.00,"$",1100000267,"",18-07-2022 16:25:32
0,267,"ESMALTE SINTETICO TRIPLE ACCION VERDE INGLES X 1LTS",1100000320,"0143","2.0143",1701.424,1890.450,0,"DIS-AT MAYORISTA","GENERAL","ACCESORIOS","REJAS/PORTONES","","23-04-2022",12,0,12.00,12.00,"$",1100000268,"",18-07-2022 16:25:32
0,268,"TORNILLO T1 AUT. P/MECHA 3/4",1100000322,"0144","2.0144",14.975,16.640,0,"RC DISTRIBUCIONES","GENERAL","ACCESORIOS","GENERAL","","12-07-2022",-1550,0,-1550.00,-1550.00,"$",1100000269,"",18-07-2022 16:25:32
0,269,"TORNILLO AUT. P/MECHA T2 14 X 3"",1100000323,"0145","2.0145",23.462,26.070,0,"RC DISTRIBUCIONES","GENERAL","ACCESORIOS","GENERAL","","13-06-2022",0,0,0.00,0.00,"$",1100000270,"",18-07-2022 16:25:32
0,270,"TORNILLO P17 14 X 2" MADERA",1100000324,"0146","2.0146",21.476,23.860,0,"RC DISTRIBUCIONES","GENERAL","ACCESORIOS","GENERAL","","26-04-2022",0,0,0.00,0.00,"$",1100000271,"",18-07-2022 16:25:32
0,271,"TORNILLO P17 14 X 2 1/2 P/ MADERA",1100000325,"0147","2.0147",30.107,33.450,0,"RC DISTRIBUCIONES","GENERAL","ACCESORIOS","GENERAL","","03-05-2022",0,0,0.00,0.00,"$",1100000272,"",18-07-2022 16:25:32
0,272,"ARANDELA VULCANIZADA IMPORTADA 14",1100000326,"0148","2.0148",4.795,5.330,0,"RC DISTRIBUCIONES","GENERAL","ACCESORIOS","GENERAL","","12-07-2022",0,0,0.00,0.00,"$",1100000273,"",18-07-2022 16:25:32
0,273,"MALLA Q188 6MTS X 2.4MTS 6 6 150 X 150",1100000327,"0124","1.0124",17695.219,19661.160,0,"TERAR S.A  NRO CLIENTE 256397","GENERAL","HIERROS","GENERAL","","06-07-2022",-29,0,-28.50,-28.50,"$",1100000274,"1100000327.jpg",18-07-2022 16:25:32
0,274,"ESTRUCTURAL RED. 101.6MM (4") 2MM X 6 MTS",1100000328,"0125","1.0125",12589.312,13987.980,0,"FERROSTIL S.A.","GENERAL","HIERROS","CAÑOS","","05-07-2022",0,0,0.00,0.00,"$",1100000275,"",18-07-2022 16:25:32
0,275,"ESTRUCTURAL RED. 76.2MM (3") 2MM X 6 MTRS",1100000329,"0126","1.0126",10284.322,11426.910,0,"FERROSTIL S.A.","GENERAL","HIERROS","CAÑOS","","05-07-2022",-1,0,-1.00,-1.00,"$",1100000276,"",18-07-2022 16:25:32
0,276,"ESTRUCTURAL RED. 63.5MM (2 1/2") 2MM X 6MTS",1100000330,"0127","1.0127",5318.727,5909.640,0,"FERROSTIL S.A.","GENERAL","HIERROS","CAÑOS","","05-07-2022",0,0,0.00,0.00,"$",1100000277,"",18-07-2022 16:25:32
0,277,"ESTUCTURAL 38.10 MM (1 1/2") 1.6MM X 6 MTS",1100000331,"0128","1.0128",3732.533,4147.220,0,"FERROSTIL S.A.","GENERAL","HIERROS","CAÑOS","","29-04-2022",0,0,0.00,0.00,"$",1100000278,"",18-07-2022 16:25:32
0,278,"PLANCHUELA 63.5MM X 3.2 (2 1/2" X 1/8) X 6MTS",1100000332,"0129","1.0129",4809.750,5344.110,0,"FERROSTIL S.A.","GENERAL","HIERROS","PLANCHUELA","","06-07-2022",0,0,0.00,0.00,"$",1100000279,"",18-07-2022 16:25:32
0,279,"PLANCHUELA 63.5MM X 4.8 (2 1/2" X 3/16) X 6MTS",1100000333,"0130","1.0130",6785.250,7539.090,0,"FERROSTIL S.A.","GENERAL","HIERROS","PLANCHUELA","","06-07-2022",0,0,0.00,0.00,"$",1100000280,"",18-07-2022 16:25:32
0,280,"ESTRUCTURAL 40 X 50 1.6MM X 6MTS",1100000334,"0131","1.0131",6486.145,7206.760,0,"FERROSTIL S.A.","GENERAL","HIERROS","CAÑOS","","16-07-2022",-7,0,-7.00,-7.00,"$",1100000281,"",18-07-2022 16:25:32
0,281,"DISCO DE CORTE 3M 115 X 1.2",1100000336,"0149","2.0149",94.380,104.870,0,"ITURRIA S.A.","GENERAL","ACCESORIOS","GENERAL","","05-05-2022",-18,0,-18.00,-18.00,"$",1100000282,"",18-07-2022 16:25:32
0,282,"DISCO DE CORTE 3M 180 X 1.6",1100000337,"0150","2.0150",174.240,193.600,0,"ITURRIA S.A.","GENERAL","ACCESORIOS","GENERAL","","05-05-2022",-5,0,-5.00,-5.00,"$",1100000283,"",18-07-2022 16:25:32
0,283,"DISCO DE DESBASTE 115 X 6.35",1100000338,"0151","2.0151",203.280,225.860,0,"ITURRIA S.A.","GENERAL","ACCESORIOS","GENERAL","","05-05-2022",-4,0,-4.00,-4.00,"$",1100000284,"",18-07-2022 16:25:32
0,284,"ESCUADRA MAGNETICA 5.0 ESAB",1100000339,"0152","2.0152",2674.100,2971.190,0,"ITURRIA S.A.","GENERAL","ACCESORIOS","GENERAL","","05-05-2022",0,0,0.00,0.00,"$",1100000285,"",18-07-2022 16:25:32
0,285,"ESTRUCTURAL RED.44.45MM (1 3/4") 2MM X 6MTRS",1100000340,"0132","1.0132",5207.229,5785.750,0,"FERROSTIL S.A.","GENERAL","HIERROS","CAÑOS","","05-07-2022",-5,0,-5.00,-5.00,"$",1100000286,"",18-07-2022 16:25:32
0,286,"ESTRUCTURAL RECT. 20 X 40 1.6MM X 6MTS",1100000341,"0133","1.0133",4362.013,4846.630,0,"FERROSTIL S.A.","GENERAL","HIERROS","CAÑOS","","16-07-2022",-4,0,-4.00,-4.00,"$",1100000287,"",18-07-2022 16:25:32
0,287,"ESTRUCTURAL RED. 38.10 (1 1/2") 1.6MM X 6MTS",1100000342,"0134","1.0134",4362.013,4846.630,0,"FERROSTIL S.A.","GENERAL","HIERROS","CAÑOS","","16-07-2022",0,0,0.00,0.00,"$",1100000288,"",18-07-2022 16:25:32
0,288,"MEMBRANA LIQUIDA ATACAMA X 20LTS",1100000343,"0153","2.0153",18128.285,20142.340,0,"ISOLANT","GENERAL","ACCESORIOS","GENERAL","","10-05-2022",0,0,0.00,0.00,"$",1100000289,"",18-07-2022 16:25:32
0,289,"ESMALTE SINTETICO NEGRO TERSUAVE X 1LTS",1100000344,"0154","2.0154",1656.166,1840.170,0,"DIS-AT MAYORISTA","GENERAL","ACCESORIOS","PINTURAS","","13-05-2022",-2,0,-2.00,-2.00,"$",1100000290,"",18-07-2022 16:25:32
0,290,"ANTIOXIDO ROJO X 1LTRS",1100000345,"0155","2.0155",1201.603,1335.100,0,"DIS-AT MAYORISTA","GENERAL","ACCESORIOS","PINTURAS","","13-05-2022",-8,0,-8.00,-8.00,"$",1100000291,"",18-07-2022 16:25:32
0,291,"ATACAMA CAJA X 15 LITROS",1100000347,"0156","2.0156",12484.917,13871.990,0,"ISOLANT","GENERAL","ACCESORIOS","GENERAL","","13-05-2022",0,0,0.00,0.00,"$",1100000292,"",18-07-2022 16:25:32
0,292,"AISLANTE RUFI 10MM DOBLE ALUMINIO 20MTS X 1.05MTS CON SOLAPE",1100000348,"0157","2.0157",7937.979,8819.890,0,"ISOLANT","GENERAL","ACCESORIOS","GENERAL","","08-07-2022",-6,0,-6.00,-6.00,"$",1100000293,"",18-07-2022 16:25:32
0,293,"BISAGRA P/ SOLDAR 80X33X2.5",1100000349,"0158","2.0158",174.603,194.000,0,"ITURRIA S.A.","GENERAL","ACCESORIOS","REJAS/PORTONES","","13-05-2022",-16,0,-16.00,-16.00,"$",1100000294,"",18-07-2022 16:25:32
0,294,"BISAGRA P/SOLDAR 100X33X2.5",1100000350,"0159","2.0159",219.040,243.380,0,"ITURRIA S.A.","GENERAL","ACCESORIOS","REJAS/PORTONES","","13-05-2022",0,0,0.00,0.00,"$",1100000295,"",18-07-2022 16:25:32
0,295,"HIERRO RED. LISO HERRERO 6.35MM (1/4) X 6MTRS",1100000354,"0135","1.0135",579.348,643.710,0,"CODIMAT CUENTA NUEVA","GENERAL","HIERROS","GENERAL","","06-07-2022",-4,0,-4.00,-4.00,"$",1100000296,"1100000354.jpg",18-07-2022 16:25:32
0,296,"HIERRO RED. LISO HERRERO 7.93MM (5/16) X 6MTRS",1100000355,"0136","1.0136",864.999,961.100,0,"CODIMAT CUENTA NUEVA","GENERAL","HIERROS","GENERAL","","06-07-2022",-5,0,-5.00,-5.00,"$",1100000297,"",18-07-2022 16:25:32
0,297,"HIERRO RED. LISO 9.52MM (3/8) HERRERO X 6 MTRS",1100000356,"0137","1.0137",1451.370,1612.620,0,"CODIMAT CUENTA NUEVA","GENERAL","HIERROS","GENERAL","","06-07-2022",-2,0,-2.00,-2.00,"$",1100000298,"",18-07-2022 16:25:32
0,298,"HIERRO RED. LISO 11.11MM (7/16) HERRERO X 6 MTRS",1100000357,"0138","1.0138",1716.905,1907.650,0,"CODIMAT CUENTA NUEVA","GENERAL","HIERROS","GENERAL","","06-07-2022",0,0,0.00,0.00,"$",1100000299,"",18-07-2022 16:25:32
0,299,"HIERRO RED. LISO 14.29MM (9/16) X 6MTRS",1100000358,"0139","1.0139",2933.782,3259.730,0,"CODIMAT CUENTA NUEVA","GENERAL","HIERROS","GENERAL","","06-07-2022",-4,0,-4.00,-4.00,"$",1100000300,"",18-07-2022 16:25:32
0,300,"PLANCHUELA 31.8 X 7.94 MM (1 1/4 X 5/16) X 6MTRS",1100000359,"0140","1.0140",4442.657,4936.240,0,"CODIMAT CUENTA NUEVA","GENERAL","HIERROS","PLANCHUELA","","06-07-2022",0,0,0.00,0.00,"$",1100000301,"",18-07-2022 16:25:32
0,301,"PLANCHUELA 31.8 X 9.53MM (1 1/4 X 3/8) X 6MTRS",1100000360,"0141","1.0141",5276.481,5862.700,0,"CODIMAT CUENTA NUEVA","GENERAL","HIERROS","PLANCHUELA","","06-07-2022",0,0,0.00,0.00,"$",1100000302,"",18-07-2022 16:25:32
0,302,"ESTRUCTURAL 50 X 100 1.6MM X 6MTRS",1100000361,"0142","1.0142",11085.360,12316.940,0,"FERROSTIL S.A.","GENERAL","HIERROS","CAÑOS","","16-07-2022",0,0,0.00,0.00,"$",1100000303,"",18-07-2022 16:25:32
0,303,"ESTRUCTURAL 40 X 60 2MM X 6MTRS",1100000362,"0143","1.0143",7947.984,8831.010,0,"FERROSTIL S.A.","GENERAL","HIERROS","CAÑOS","","05-07-2022",0,0,0.00,0.00,"$",1100000304,"",18-07-2022 16:25:32
0,304," ESTRUCTURAL 30 X 30 1.2MM X 6MTRS",1100000363,"0144","1.0144",3055.588,3395.060,0,"FERROSTIL S.A.","GENERAL","HIERROS","CAÑOS","","05-07-2022",-7,0,-7.00,-7.00,"$",1100000305,"1100000363.jpg",18-07-2022 16:25:32
0,305,"ESTRUCTURAL 30 X 40 1.2 MM X 6 MTRS",1100000364,"0145","1.0145",4040.849,4489.790,0,"FERROSTIL S.A.","GENERAL","HIERROS","CAÑOS","","16-07-2022",0,0,0.00,0.00,"$",1100000306,"",18-07-2022 16:25:32
0,306,"ESTRUCTURAL 30 X 40 1.6MM X 6 MTRS",1100000365,"0146","1.0146",5103.396,5670.380,0,"FERROSTIL S.A.","GENERAL","HIERROS","CAÑOS","","16-07-2022",-7,0,-6.50,-6.50,"$",1100000307,"",18-07-2022 16:25:32
0,307,"MALLA JOB SHOP Q109N-2.6 2.6 50 X 50 120MTRS X 3MTRS",1100000366,"0147","1.0147",4286.773,4763.030,0,"TERAR S.A  NRO CLIENTE 256397","GENERAL","HIERROS","GENERAL","","06-07-2022",-7,0,-7.00,-7.00,"$",1100000308,"",18-07-2022 16:25:32
0,308,"CONSERTINA SIMPLE S30",1100000368,"0160","2.0160",5392.758,5991.890,0,"TERAR S.A  NRO CLIENTE 256397","GENERAL","ACCESORIOS","REJAS/PORTONES","","04-07-2022",-1,0,-1.00,-1.00,"$",1100000309,"",18-07-2022 16:25:32
0,309,"ESTRUCTURAL 40 X 40 2MM X 6MTRS",1100000370,"0148","1.0148",6164.274,6849.120,0,"FERROSTIL S.A.","GENERAL","HIERROS","CAÑOS","","05-07-2022",0,0,0.00,0.00,"$",1100000310,"",18-07-2022 16:25:32
0,310,"ESTRUCTURAL REDONDO 1 1/4 X 2MM X 6MTRS",1100000372,"0149","1.0149",3594.631,3993.990,0,"FERROSTIL S.A.","GENERAL","HIERROS","CAÑOS","","05-07-2022",0,0,0.00,0.00,"$",1100000311,"",18-07-2022 16:25:32
0,311,"CAÑO USO MECANICO 33.7MM (1") 2.9MM X 6MTRS",1100000373,"0150","1.0150",6450.689,7167.360,0,"FERROSTIL S.A.","GENERAL","HIERROS","CAÑOS","","31-05-2022",0,0,0.00,0.00,"$",1100000312,"",18-07-2022 16:25:32
0,312,"CAÑO USO MECANICO 42.4MM (1 1/4") X 2.9MM X 6MTRS",1100000374,"0151","1.0151",8242.321,9158.040,0,"FERROSTIL S.A.","GENERAL","HIERROS","CAÑOS","","31-05-2022",0,0,0.00,0.00,"$",1100000313,"",18-07-2022 16:25:32
0,313,"ESTRUCTURAL 20 X 60 1.2MM X 6MTRS",1100000375,"0152","1.0152",4681.904,5202.060,0,"FERROSTIL S.A.","GENERAL","HIERROS","CAÑOS","","15-07-2022",0,0,0.00,0.00,"$",1100000314,"",18-07-2022 16:25:32
0,314,"PASADOR TRABA RESORTE NEGRO 35MM",1100000377,"0161","2.0161",200.033,222.260,0,"DIS-AT MAYORISTA","GENERAL","ACCESORIOS","GENERAL","","31-05-2022",0,0,0.00,0.00,"$",1100000315,"",18-07-2022 16:25:32
0,315,"PASADOR TRABA RESOTE NEGRO 46MM",1100000378,"0162","2.0162",240.931,267.700,0,"DIS-AT MAYORISTA","GENERAL","ACCESORIOS","GENERAL","","31-05-2022",0,0,0.00,0.00,"$",1100000316,"",18-07-2022 16:25:32
0,316,"PASADOR TRABA RESORTE NEGRO 58MM",1100000379,"0163","2.0163",319.581,355.090,0,"DIS-AT MAYORISTA","GENERAL","ACCESORIOS","GENERAL","","31-05-2022",0,0,0.00,0.00,"$",1100000317,"",18-07-2022 16:25:32
0,317,"PASADORV TRABA RESORTE NEGRO 80MM",1100000380,"0164","2.0164",381.782,424.200,0,"DIS-AT MAYORISTA","GENERAL","ACCESORIOS","GENERAL","","31-05-2022",0,0,0.00,0.00,"$",1100000318,"",18-07-2022 16:25:32
0,318,"PASADOR TRABA RESORTE CROMADO 35MM",1100000381,"0165","2.0165",179.081,198.980,0,"DIS-AT MAYORISTA","GENERAL","ACCESORIOS","GENERAL","","31-05-2022",0,0,0.00,0.00,"$",1100000319,"",18-07-2022 16:25:32
0,319,"PASADOR TRABA RESORTE CROMADO 46MM",1100000382,"0166","2.0166",215.654,239.610,0,"DIS-AT MAYORISTA","GENERAL","ACCESORIOS","GENERAL","","31-05-2022",0,0,0.00,0.00,"$",1100000320,"",18-07-2022 16:25:32
0,320,"PASADOR TRABA RESORTE CROMADO 58MM",1100000383,"0167","2.0167",302.334,335.920,0,"DIS-AT MAYORISTA","GENERAL","ACCESORIOS","GENERAL","","31-05-2022",0,0,0.00,0.00,"$",1100000321,"",18-07-2022 16:25:32
0,321,"PASADOR TRABA RESORTE CROMADO 80MM",1100000384,"0168","2.0168",377.107,419.000,0,"DIS-AT MAYORISTA","GENERAL","ACCESORIOS","GENERAL","","31-05-2022",0,0,0.00,0.00,"$",1100000322,"",18-07-2022 16:25:32
0,322,"PASADOR PORTACANDADO MAUSER 100MM",1100000385,"0169","2.0169",552.368,613.740,0,"DIS-AT MAYORISTA","GENERAL","ACCESORIOS","GENERAL","","31-05-2022",-6,0,-6.00,-6.00,"$",1100000323,"",18-07-2022 16:25:32
0,323,"PASADOR PORTACANDADO MAUSER 145MM",1100000386,"0170","2.0170",895.234,994.690,0,"DIS-AT MAYORISTA","GENERAL","ACCESORIOS","GENERAL","","31-05-2022",-2,0,-2.00,-2.00,"$",1100000324,"",18-07-2022 16:25:32
0,324,"SOGA TRENZADA MULTIF. 8MM X MTRS",1100000387,"0171","2.0171",46.968,52.190,0,"DIS-AT MAYORISTA","GENERAL","ACCESORIOS","GENERAL","","31-05-2022",0,0,0.00,0.00,"$",1100000325,"",18-07-2022 16:25:32
0,325,"SOGA TRENZADA MULT. 10MM X MTRS",1100000388,"0172","2.0172",67.951,75.500,0,"DIS-AT MAYORISTA","GENERAL","ACCESORIOS","GENERAL","","31-05-2022",0,0,0.00,0.00,"$",1100000326,"",18-07-2022 16:25:32
0,326,"MEMBRANA LIQUIDA MEGAFLEX 4KG BLANCA",1100000389,"0173","2.0173",2889.773,3210.830,0,"DIS-AT MAYORISTA","GENERAL","ACCESORIOS","GENERAL","","31-05-2022",0,0,0.00,0.00,"$",1100000327,"",18-07-2022 16:25:32
0,327,"MEMBRANA LIQUIDA MEGAFLEX 10KG BLANCA",1100000390,"0174","2.0174",6827.385,7585.910,0,"DIS-AT MAYORISTA","GENERAL","ACCESORIOS","GENERAL","","31-05-2022",0,0,0.00,0.00,"$",1100000328,"",18-07-2022 16:25:32
0,328,"HOJA DE SIERRA SIN PAR ACERO RAPIDO 24/32D",1100000391,"0175","2.0175",343.260,381.400,0,"DIS-AT MAYORISTA","GENERAL","ACCESORIOS","GENERAL","","31-05-2022",0,0,0.00,0.00,"$",1100000329,"",18-07-2022 16:25:32
0,329,"HOJA DE SIERRA SIN PAR BIMETAL 24/32D",1100000392,"0176","2.0176",313.420,348.240,0,"DIS-AT MAYORISTA","GENERAL","ACCESORIOS","GENERAL","","31-05-2022",0,0,0.00,0.00,"$",1100000330,"",18-07-2022 16:25:32
0,330,"ALAMBRE MIG 0.8MM 5KG INDURA",1100000393,"0177","2.0177",6134.700,6816.270,0,"DIS-AT MAYORISTA","GENERAL","ACCESORIOS","GENERAL","","05-07-2022",0,0,0.00,0.00,"$",1100000331,"",18-07-2022 16:25:32
0,331,"ALAMBRE MIG 0.9MM 5KG INDURA",1100000394,"0178","2.0178",6181.890,6868.700,0,"DIS-AT MAYORISTA","GENERAL","ACCESORIOS","GENERAL","","05-07-2022",0,0,0.00,0.00,"$",1100000332,"",18-07-2022 16:25:32
0,332,"CANDADO ECO 50MM",1100000395,"0179","2.0179",989.732,1099.690,0,"DIS-AT MAYORISTA","GENERAL","ACCESORIOS","GENERAL","","31-05-2022",0,0,0.00,0.00,"$",1100000333,"",18-07-2022 16:25:32
0,333,"METAL DESPLEGADO GRANADA 1.22 X 2.44 MTRS",1100000396,"0153","1.0153",12936.458,14373.700,0,"TERAR S.A  NRO CLIENTE 256397","GENERAL","HIERROS","GENERAL","","13-06-2022",0,0,0.00,0.00,"$",1100000334,"",18-07-2022 16:25:32
0,334," HIERRO U 60 X 30 X 6 6MTRS",1100000398,"0154","1.0154",14296.619,15884.970,0,"TERAR S.A  NRO CLIENTE 256397","GENERAL","HIERROS","GENERAL","","06-07-2022",-1,0,-1.00,-1.00,"$",1100000335,"",18-07-2022 16:25:32
0,335,"MALLA Q131-6MTRS X 2.4MTRS 5 5 150 X 150",1100000399,"0155","1.0155",12067.819,13408.550,0,"TERAR S.A  NRO CLIENTE 256397","GENERAL","HIERROS","GENERAL","","06-07-2022",-16,0,-16.00,-16.00,"$",1100000336,"",18-07-2022 16:25:32
0,336,"GUANTE SOLDAR LARGO FORRADO ROJO 32217",1100000400,"0180","2.0180",1129.147,1254.600,0,"RC DISTRIBUCIONES","GENERAL","ACCESORIOS","GENERAL","","02-06-2022",0,0,0.00,0.00,"$",1100000337,"",18-07-2022 16:25:32
0,337,"AEROSOL SINT. NEGRO MATE/BRILLANTE 240CC",1100000401,"0181","2.0181",457.078,507.860,0,"ITURRIA S.A.","GENERAL","ACCESORIOS","PINTURAS","","02-06-2022",-1,0,-1.00,-1.00,"$",1100000338,"",18-07-2022 16:25:32
0,338,"RUEDA NYLON B/G 50 MM",1100000402,"0182","2.0182",521.813,579.790,0,"ITURRIA S.A.","GENERAL","ACCESORIOS","REJAS/PORTONES","","24-06-2022",0,0,0.00,0.00,"$",1100000339,"",18-07-2022 16:25:32
0,339,"RUEDA NYLON B/G 63 MM",1100000403,"0183","2.0183",726.000,806.660,0,"ITURRIA S.A.","GENERAL","ACCESORIOS","REJAS/PORTONES","","24-06-2022",0,0,0.00,0.00,"$",1100000340,"",18-07-2022 16:25:32
0,340,"ESTRUCTURAL 15 X 15 1.2MM X 6MTRS",1100000406,"0156","1.0156",1391.500,1546.100,0,"FERROSTIL S.A.","GENERAL","HIERROS","CAÑOS","","07-07-2022",-11,0,-11.00,-11.00,"$",1100000341,"",18-07-2022 16:25:32
0,341,"NUDO 80",1100000407,"0184","2.0184",196.020,217.800,0,"FADECA","GENERAL","ACCESORIOS","REJAS/PORTONES","","13-07-2022",0,0,0.00,0.00,"$",1100000342,"",18-07-2022 16:25:32
0,342,"MEDIO NUDO 85",1100000408,"0185","2.0185",127.050,141.170,0,"FADECA","GENERAL","ACCESORIOS","REJAS/PORTONES","","08-06-2022",0,0,0.00,0.00,"$",1100000343,"",18-07-2022 16:25:32
0,343,"NUDO 86",1100000409,"0186","2.0186",237.160,263.510,0,"FADECA","GENERAL","ACCESORIOS","REJAS/PORTONES","","08-06-2022",0,0,0.00,0.00,"$",1100000344,"",18-07-2022 16:25:32
0,344,"FLOR CON PETALOS 93 DE 85MM",1100000410,"0187","2.0187",289.674,321.860,0,"FADECA","GENERAL","ACCESORIOS","REJAS/PORTONES","","08-06-2022",0,0,0.00,0.00,"$",1100000345,"",18-07-2022 16:25:32
0,345,"FLOR CON PETALOS 93 DE 135MM",1100000411,"0188","2.0188",635.250,705.830,0,"FADECA","GENERAL","ACCESORIOS","REJAS/PORTONES","","08-06-2022",0,0,0.00,0.00,"$",1100000346,"",18-07-2022 16:25:32
0,346,"FLOR CON PETALOS 93 DE 180MM",1100000412,"0189","2.0189",1262.030,1402.240,0,"FADECA","GENERAL","ACCESORIOS","REJAS/PORTONES","","08-06-2022",0,0,0.00,0.00,"$",1100000347,"",18-07-2022 16:25:32
0,347,"FLOR 95 80MNM",1100000413,"0190","2.0190",172.788,191.980,0,"FADECA","GENERAL","ACCESORIOS","REJAS/PORTONES","","08-06-2022",0,0,0.00,0.00,"$",1100000348,"",18-07-2022 16:25:32
0,348,"FLOR 95 60MM",1100000414,"0191","2.0191",304.920,338.800,0,"FADECA","GENERAL","ACCESORIOS","REJAS/PORTONES","","08-06-2022",0,0,0.00,0.00,"$",1100000349,"1100000414.jpg",18-07-2022 16:25:32
0,349,"RODILLO P/ ESTABILIZADOR PORTONES",1100000415,"0192","2.0192",440.440,489.370,0,"FADECA","GENERAL","ACCESORIOS","REJAS/PORTONES","","08-06-2022",0,0,0.00,0.00,"$",1100000350,"",18-07-2022 16:25:32
0,350,"RUEDA HIERRO ZINCADA C/RULEMAN 50MM C. CUADRADA",1100000416,"0193","2.0193",1061.775,1179.740,0,"FADECA","GENERAL","ACCESORIOS","REJAS/PORTONES","","24-06-2022",0,0,0.00,0.00,"$",1100000351,"1100000416.jpg",18-07-2022 16:25:32
0,351,"RUEDA DE HIERRO ZINCADO C/ RULEMAN 60MM C. CUADRADA",1100000417,"0194","2.0194",1143.450,1270.490,0,"FADECA","GENERAL","ACCESORIOS","REJAS/PORTONES","","24-06-2022",0,0,0.00,0.00,"$",1100000352,"1100000417.jpg",18-07-2022 16:25:32
0,352,"RUEDA DE HIERRO ZINCADA C/ RULEMAN 70MM C. CUADRADA",1100000418,"0195","2.0195",1225.125,1361.240,0,"FADECA","GENERAL","ACCESORIOS","REJAS/PORTONES","","24-06-2022",0,0,0.00,0.00,"$",1100000353,"1100000418.jpg",18-07-2022 16:25:32
0,353,"NUDO ENTERO 74",1100000420,"0196","2.0196",294.030,326.700,0,"FADECA","GENERAL","ACCESORIOS","REJAS/PORTONES","","08-06-2022",0,0,0.00,0.00,"$",1100000354,"",18-07-2022 16:25:32
0,354,"MEDIO NUDO 75",1100000422,"0197","2.0197",196.020,217.800,0,"FADECA","GENERAL","ACCESORIOS","REJAS/PORTONES","","08-06-2022",0,0,0.00,0.00,"$",1100000355,"",18-07-2022 16:25:32
0,355,"TARUGO C/T Nª 8",1100000424,"0198","2.0198",5.370,5.970,0,"ITURRIA S.A.","GENERAL","ACCESORIOS","GENERAL","","10-06-2022",0,0,0.00,0.00,"$",1100000356,"",18-07-2022 16:25:32
0,356,"TIRAFONDO 3 / 16 X 2",1100000426,"0199","2.0199",12.269,13.630,0,"RC DISTRIBUCIONES","GENERAL","ACCESORIOS","GENERAL","","11-06-2022",0,0,0.00,0.00,"$",1100000357,"",18-07-2022 16:25:32
0,357,"TIRAFONDO 3 / 16 X 2 1/4",1100000427,"0200","2.0200",12.899,14.330,0,"RC DISTRIBUCIONES","GENERAL","ACCESORIOS","GENERAL","","11-06-2022",0,0,0.00,0.00,"$",1100000358,"",18-07-2022 16:25:32
0,358,"TIRAFONDO 3 / 16 X 2 1/2",1100000428,"0201","2.0201",14.000,15.560,0,"RC DISTRIBUCIONES","GENERAL","ACCESORIOS","GENERAL","","11-06-2022",0,0,0.00,0.00,"$",1100000359,"",18-07-2022 16:25:32
0,359,"TIRAFONDO 1/4 X 2 1/2",1100000429,"0202","2.0202",16.517,18.350,0,"RC DISTRIBUCIONES","GENERAL","ACCESORIOS","GENERAL","","13-06-2022",-35,0,-35.00,-35.00,"$",1100000360,"",18-07-2022 16:25:32
0,360,"TIRAFONDO 1 / 4 X 3",1100000430,"0203","2.0203",21.393,23.770,0,"RC DISTRIBUCIONES","GENERAL","ACCESORIOS","GENERAL","","13-06-2022",0,0,0.00,0.00,"$",1100000361,"",18-07-2022 16:25:32
0,361,"TIRAFONDO 5/16 X 2",1100000431,"0204","2.0204",24.853,27.610,0,"RC DISTRIBUCIONES","GENERAL","ACCESORIOS","GENERAL","","13-06-2022",0,0,0.00,0.00,"$",1100000362,"",18-07-2022 16:25:32
0,362,"TIRAFONDO 5 /16 X 2 1/4",1100000432,"0205","2.0205",20.328,22.590,0,"RC DISTRIBUCIONES","GENERAL","ACCESORIOS","GENERAL","","13-06-2022",-1,0,-1.00,-1.00,"$",1100000363,"",18-07-2022 16:25:32
0,363,"TIRAFONDO 5 / 16 X 2 3/4",1100000433,"0206","2.0206",32.640,36.270,0,"RC DISTRIBUCIONES","GENERAL","ACCESORIOS","GENERAL","","13-06-2022",-70,0,-70.00,-70.00,"$",1100000364,"",18-07-2022 16:25:32
0,364,"TARUGO Nº 10 C/T",1100000435,"0207","2.0207",4.640,5.160,0,"RC DISTRIBUCIONES","GENERAL","ACCESORIOS","GENERAL","","13-06-2022",-35,0,-35.00,-35.00,"$",1100000365,"",18-07-2022 16:25:32
0,365,"TARUGO Nº 12 C/T",1100000436,"0208","2.0208",4.499,5.000,0,"RC DISTRIBUCIONES","GENERAL","ACCESORIOS","GENERAL","","13-06-2022",-71,0,-71.00,-71.00,"$",1100000366,"",18-07-2022 16:25:32
0,366,"REGATON CUADRADO 20 X 20",1100000437,"0209","2.0209",29.572,32.860,0,"RC DISTRIBUCIONES","GENERAL","ACCESORIOS","GENERAL","","13-06-2022",0,0,0.00,0.00,"$",1100000367,"",18-07-2022 16:25:32
0,367,"REGATON CUADRADO 30 X 30",1100000438,"0210","2.0210",25.955,28.840,0,"RC DISTRIBUCIONES","GENERAL","ACCESORIOS","GENERAL","","13-06-2022",0,0,0.00,0.00,"$",1100000368,"",18-07-2022 16:25:32
0,368,"REGATON CUADRADO 40 X 40",1100000439,"0211","2.0211",18.090,20.100,0,"RC DISTRIBUCIONES","GENERAL","ACCESORIOS","GENERAL","","13-06-2022",0,0,0.00,0.00,"$",1100000369,"",18-07-2022 16:25:32
0,369,"FLOR ESTRELLA 91",1100000440,"0212","2.0212",208.598,231.770,0,"FADECA","GENERAL","ACCESORIOS","REJAS/PORTONES","","14-06-2022",0,0,0.00,0.00,"$",1100000370,"",18-07-2022 16:25:32
0,370,"FAROL",1100000441,"0213","2.0213",23776.500,26418.070,0,"FADECA","GENERAL","ACCESORIOS","REJAS/PORTONES","","14-06-2022",0,0,0.00,0.00,"$",1100000371,"",18-07-2022 16:25:32
0,371,"TAPA BUZON CHICO C/ PALOMA",1100000442,"0214","2.0214",12515.260,13905.710,0,"FADECA","GENERAL","ACCESORIOS","REJAS/PORTONES","","14-06-2022",0,0,0.00,0.00,"$",1100000372,"",18-07-2022 16:25:32
0,372,"TAPA BUZON ESTILO COLONIAL",1100000443,"0215","2.0215",8456.841,9396.400,0,"FADECA","GENERAL","ACCESORIOS","REJAS/PORTONES","","14-06-2022",0,0,0.00,0.00,"$",1100000373,"",18-07-2022 16:25:32
0,373,"LLAVERO",1100000444,"0216","2.0216",2752.750,3058.580,0,"FADECA","GENERAL","ACCESORIOS","GENERAL","","14-06-2022",0,0,0.00,0.00,"$",1100000374,"",18-07-2022 16:25:32
0,374,"ARO FORJADO",1100000445,"0217","2.0217",276.062,306.730,0,"FADECA","GENERAL","ACCESORIOS","REJAS/PORTONES","","14-06-2022",0,0,0.00,0.00,"$",1100000375,"",18-07-2022 16:25:32
0,375,"DIENTE TIBURON X MTROS",1100000446,"0218","2.0218",597.534,663.920,0,"FADECA","GENERAL","ACCESORIOS","REJAS/PORTONES","","14-06-2022",0,0,0.00,0.00,"$",1100000376,"",18-07-2022 16:25:32
0,376,"ESTRUCTURAL 35 X 35 1.6MM X 6MTRS",1100000447,"0157","1.0157",5103.396,5670.380,0,"FERROSTIL S.A.","GENERAL","HIERROS","CAÑOS","","16-07-2022",-8,0,-8.00,-8.00,"$",1100000377,"1100000447.jpg",18-07-2022 16:25:32
0,377,"METAL DESPLEGADO 620-30-30 1MTRS X 3MTRS",1100000448,"0158","1.0158",8869.588,9855.000,0,"TERAR S.A  NRO CLIENTE 256397","GENERAL","HIERROS","GENERAL","","21-06-2022",-2,0,-1.66,-1.66,"$",1100000378,"",18-07-2022 16:25:32
0,378,"CHAPA ESTAMPADA CAL.14 1.22MTRS X 2.44MTRS",1100000449,"0159","1.0159",23292.500,25880.300,0,"TERAR S.A  NRO CLIENTE 256397","GENERAL","HIERROS","CHAPAS","","05-07-2022",0,0,0.00,0.00,"$",1100000379,"",18-07-2022 16:25:32
0,379,"CHAPA SINOSOIDAL 1MM CRISTAL 1.10MTRS X MTRS",1100000450,"0160","1.0160",2996.875,3329.830,0,"FERROSTIL S.A.","GENERAL","HIERROS","CHAPAS","","05-07-2022",0,0,0.00,0.00,"$",1100000380,"",18-07-2022 16:25:32
0,380,"CHAPA SINOSOIDAL 1MM FUME 1.10MTRS X MTRS",1100000451,"0161","1.0161",2618.938,2909.900,0,"FERROSTIL S.A.","GENERAL","HIERROS","CHAPAS","","05-07-2022",0,0,0.00,0.00,"$",1100000381,"",18-07-2022 16:25:32
0,381,"CHAVETA 4 X 90MM",1100000452,"0219","2.0219",68.594,76.210,0,"RC DISTRIBUCIONES","GENERAL","ACCESORIOS","GENERAL","","21-06-2022",0,0,0.00,0.00,"$",1100000382,"",18-07-2022 16:25:32
0,382,"CHAVETA 4.5 X 90MM",1100000453,"0220","2.0220",49.114,54.570,0,"RC DISTRIBUCIONES","GENERAL","ACCESORIOS","GENERAL","","21-06-2022",0,0,0.00,0.00,"$",1100000383,"",18-07-2022 16:25:32
0,383,"CEPILLO COPA BRONCE 65MM",1100000455,"0221","2.0221",628.099,697.880,0,"ITURRIA S.A.","GENERAL","ACCESORIOS","GENERAL","","24-06-2022",0,0,0.00,0.00,"$",1100000384,"",18-07-2022 16:25:32
0,384,"CEPILLO COPA BRONCE 85MM",1100000456,"0222","2.0222",919.749,1021.930,0,"ITURRIA S.A.","GENERAL","ACCESORIOS","GENERAL","","24-06-2022",0,0,0.00,0.00,"$",1100000385,"",18-07-2022 16:25:32
0,385,"CEPILLO BRONCE COPA 100MM",1100000457,"0223","2.0223",1158.090,1286.750,0,"ITURRIA S.A.","GENERAL","ACCESORIOS","GENERAL","","24-06-2022",0,0,0.00,0.00,"$",1100000386,"",18-07-2022 16:25:32
0,386,"PRECINTO 100 X 2.5",1100000458,"0224","2.0224",1.423,1.580,0,"RC DISTRIBUCIONES","GENERAL","ACCESORIOS","GENERAL","","24-06-2022",0,0,0.00,0.00,"$",1100000387,"",18-07-2022 16:25:32
0,387,"PRECINTO 150 X 3.5",1100000459,"0225","2.0225",3.337,3.710,0,"RC DISTRIBUCIONES","GENERAL","ACCESORIOS","GENERAL","","24-06-2022",0,0,0.00,0.00,"$",1100000388,"",18-07-2022 16:25:32
0,388,"PRECINTO 200 X 3.5",1100000460,"0226","2.0226",4.371,4.860,0,"RC DISTRIBUCIONES","GENERAL","ACCESORIOS","GENERAL","","24-06-2022",0,0,0.00,0.00,"$",1100000389,"",18-07-2022 16:25:32
0,389,"PRECINTO 250 X 4.7",1100000461,"0227","2.0227",7.403,8.230,0,"RC DISTRIBUCIONES","GENERAL","ACCESORIOS","GENERAL","","24-06-2022",0,0,0.00,0.00,"$",1100000390,"",18-07-2022 16:25:32
0,390,"RUEDA DE GOMA CON FRENO 100MM",1100000462,"0228","2.0228",1404.846,1560.920,0,"ITURRIA S.A.","GENERAL","ACCESORIOS","GENERAL","","24-06-2022",0,0,0.00,0.00,"$",1100000391,"",18-07-2022 16:25:32
0,391,"GUANTE VAQUETA T10",1100000463,"0229","2.0229",927.331,1030.360,0,"LA FERRETERIA DE TITO","GENERAL","ACCESORIOS","GENERAL","","24-06-2022",0,0,0.00,0.00,"$",1100000392,"",18-07-2022 16:25:32
0,392,"GUANTE VAQUETA T11",1100000464,"0230","2.0230",1036.560,1151.720,0,"LA FERRETERIA DE TITO","GENERAL","ACCESORIOS","GENERAL","","24-06-2022",0,0,0.00,0.00,"$",1100000393,"",18-07-2022 16:25:32
0,393,"REMACHE POP 3 X 10",1100000465,"0231","2.0231",4.049,4.500,0,"WURTH","GENERAL","ACCESORIOS","GENERAL","","25-06-2022",0,0,0.00,0.00,"$",1100000394,"",18-07-2022 16:25:32
0,394,"REMACHE POP 3 X 12",1100000466,"0232","2.0232",4.252,4.720,0,"WURTH","GENERAL","ACCESORIOS","GENERAL","","25-06-2022",0,0,0.00,0.00,"$",1100000395,"",18-07-2022 16:25:32
0,395,"REMACHE POP 4 X 8",1100000467,"0233","2.0233",5.319,5.910,0,"WURTH","GENERAL","ACCESORIOS","GENERAL","","25-06-2022",0,0,0.00,0.00,"$",1100000396,"",18-07-2022 16:25:32
0,396,"REMACHE POP 4 X 10",1100000468,"0234","2.0234",5.760,6.400,0,"WURTH","GENERAL","ACCESORIOS","GENERAL","","25-06-2022",0,0,0.00,0.00,"$",1100000397,"",18-07-2022 16:25:32
0,397,"TORNILLO CAB. TANQUE PUNTA MECHA 4.8 X 25",1100000469,"0235","2.0235",5.997,6.660,0,"WURTH","GENERAL","ACCESORIOS","GENERAL","","25-06-2022",0,0,0.00,0.00,"$",1100000398,"",18-07-2022 16:25:32
0,398,"TORNILLO CAB. TANQUE PUNTA MECHA 4.8 X 50",1100000470,"0236","2.0236",10.520,11.690,0,"WURTH","GENERAL","ACCESORIOS","GENERAL","","25-06-2022",0,0,0.00,0.00,"$",1100000399,"",18-07-2022 16:25:32
0,399,"DISCO DE CORTE WURTH 115 X 1.0 X 22.2",1100000471,"0237","2.0237",151.952,168.830,0,"WURTH","GENERAL","ACCESORIOS","GENERAL","","25-06-2022",-1,0,-1.00,-1.00,"$",1100000400,"",18-07-2022 16:25:32
0,400,"DISCO DE CORTE WURTH 115 X 1.6 X 22.2",1100000472,"0238","2.0238",157.300,174.780,0,"WURTH","GENERAL","ACCESORIOS","GENERAL","","25-06-2022",0,0,0.00,0.00,"$",1100000401,"",18-07-2022 16:25:32
0,401,"DISCO FLAP WURTH G60 115 MM",1100000473,"0239","2.0239",414.092,460.100,0,"WURTH","GENERAL","ACCESORIOS","GENERAL","","25-06-2022",-1,0,-1.00,-1.00,"$",1100000402,"",18-07-2022 16:25:32
0,402,"DISCO FLAP WURTH G60 178MM",1100000474,"0240","2.0240",932.632,1036.250,0,"WURTH","GENERAL","ACCESORIOS","GENERAL","","25-06-2022",-1,0,-1.00,-1.00,"$",1100000403,"",18-07-2022 16:25:32
0,403,"SELLATUTTI SINUSOIDAL",1100000475,"0241","2.0241",98.565,109.520,0,"ISOLANT","GENERAL","ACCESORIOS","GENERAL","","08-07-2022",0,0,0.00,0.00,"$",1100000404,"",18-07-2022 16:25:32
0,404,"SELLATUTTI T101 BASE",1100000476,"0242","2.0242",218.791,243.100,0,"ISOLANT","GENERAL","ACCESORIOS","GENERAL","","08-07-2022",-3,0,-3.00,-3.00,"$",1100000405,"",18-07-2022 16:25:32
0,405,"AISLANTE RUFI ALUM. 10MM 1 X 20MTS",1100000477,"0243","2.0243",5269.751,5855.220,0,"ISOLANT","GENERAL","ACCESORIOS","GENERAL","","08-07-2022",-11,0,-11.00,-11.00,"$",1100000406,"1100000477.jpg",18-07-2022 16:25:32
0,406,"AISLANTE CEDRO NET  10MM X 1MTRS",1100000478,"0244","2.0244",7533.125,8370.060,0,"ISOLANT","GENERAL","ACCESORIOS","GENERAL","","08-07-2022",0,0,0.00,0.00,"$",1100000407,"",18-07-2022 16:25:32
0,407,"BISAGRA MUNICION S/ALAS 75X75X2.85",1100000480,"0245","2.0245",349.952,388.830,0,"ITURRIA S.A.","GENERAL","ACCESORIOS","GENERAL","","01-07-2022",0,0,0.00,0.00,"$",1100000408,"1100000480.jpg",18-07-2022 16:25:32
0,408,"BISAGRA H REV 80 X8 X 2.5",1100000481,"0246","2.0246",147.893,164.320,0,"ITURRIA S.A.","GENERAL","ACCESORIOS","GENERAL","","01-07-2022",0,0,0.00,0.00,"$",1100000409,"",18-07-2022 16:25:32
0,409,"BISAGRA HERRERO REV 100 X 8 X 2.5",1100000482,"0247","2.0247",192.881,214.310,0,"ITURRIA S.A.","GENERAL","ACCESORIOS","GENERAL","","01-07-2022",0,0,0.00,0.00,"$",1100000410,"",18-07-2022 16:25:32
0,410,"HIERRO CUADRADO 3/8 (9.53MM) X 6 MTRS",1100000483,"0162","1.0162",2055.881,2284.290,0,"TERAR S.A  NRO CLIENTE 256397","GENERAL","HIERROS","GENERAL","","06-07-2022",0,0,0.00,0.00,"$",1100000411,"",18-07-2022 16:25:32
0,411,"MEMBRANA ALU STAR 10MM COTEADO BLANCO C/RED-20MTRS",1100000484,"0248","2.0248",23499.519,26110.320,0,"ISOLANT","GENERAL","ACCESORIOS","GENERAL","","08-07-2022",0,0,0.00,0.00,"$",1100000412,"",18-07-2022 16:25:32
0,412,"PIVOT 310 P/ EMBUTIR TAPA ACERO",1100000485,"0249","2.0249",6105.914,6784.280,0,"FADECA","GENERAL","ACCESORIOS","GENERAL","","13-07-2022",0,0,0.00,0.00,"$",1100000413,"",18-07-2022 16:25:32
0,413,"PIVOT 320 P/ FIJAR CON TORNILLOS",1100000486,"0250","2.0250",3339.794,3710.850,0,"FADECA","GENERAL","ACCESORIOS","GENERAL","","13-07-2022",0,0,0.00,0.00,"$",1100000414,"",18-07-2022 16:25:32
0,414,"RUEDA DE HIERRO ZINCADO 60MM EN "V"",1100000487,"0251","2.0251",1109.640,1232.920,0,"FADECA","GENERAL","ACCESORIOS","GENERAL","","13-07-2022",0,0,0.00,0.00,"$",1100000415,"",18-07-2022 16:25:32
0,415,"RUEDA HIERRO ZINCADO 50MM EN "V" C/RULEMAN",1100000488,"0252","2.0252",817.960,908.840,0,"FADECA","GENERAL","ACCESORIOS","GENERAL","","13-07-2022",0,0,0.00,0.00,"$",1100000416,"",18-07-2022 16:25:32
0,416,"RESORTE Nº2",1100000489,"0253","2.0253",1433.366,1592.610,0,"FADECA","GENERAL","ACCESORIOS","GENERAL","","13-07-2022",0,0,0.00,0.00,"$",1100000417,"",18-07-2022 16:25:32
0,417,"RESORTE Nº 3",1100000490,"0254","2.0254",2376.174,2640.170,0,"FADECA","GENERAL","ACCESORIOS","GENERAL","","13-07-2022",0,0,0.00,0.00,"$",1100000418,"",18-07-2022 16:25:32
0,418,"CHAPA LAC 1.5MTRS X 3MTRS C 3/16",1100000491,"0163","1.0163",67357.622,74841.050,0,"TERAR S.A  NRO CLIENTE 256397","GENERAL","HIERROS","CHAPAS","","14-07-2022",0,0,0.00,0.00,"$",1100000419,"",18-07-2022 16:25:32
0,419,"CHAPA LISA GALV. 1.22 X 2.44 C20",1100000493,"0164","1.0164",11448.483,12720.410,0,"TERAR S.A  NRO CLIENTE 256397","GENERAL","HIERROS","CHAPAS","","14-07-2022",0,0,0.00,0.00,"$",1100000420,"",18-07-2022 16:25:32
0,420,"CHAPA LISA GALV. 1MTRS X 2 MTRS C20",1100000494,"0165","1.0165",8076.191,8973.460,0,"TERAR S.A  NRO CLIENTE 256397","GENERAL","HIERROS","CHAPAS","","14-07-2022",0,0,0.00,0.00,"$",1100000421,"",18-07-2022 16:25:32
0,421,"CHAPA TRAPZOIDAL T101 NEGRA",1100000495,"0166","1.0166",3855.681,4284.050,0,"TERAR S.A  NRO CLIENTE 256397","GENERAL","HIERROS","CHAPAS","","14-07-2022",0,0,0.00,0.00,"$",1100000422,"",18-07-2022 16:25:32
0,422,"ANGULO 76.2 X 6.4MM  ( 3" X 1/4" ) X 6MTRS",1100000496,"0167","1.0167",15815.623,17572.740,0,"TERAR S.A  NRO CLIENTE 256397","GENERAL","HIERROS","GENERAL","","14-07-2022",0,0,0.00,0.00,"$",1100000423,"",18-07-2022 16:25:32
0,423,"CINTA MET. EVEL PROF. 20 MTRS",1100000497,"0255","2.0255",3584.761,3983.030,0,"DIS-AT MAYORISTA","GENERAL","ACCESORIOS","GENERAL","","15-07-2022",0,0,0.00,0.00,"$",1100000424,"",18-07-2022 16:25:32
0,424,"CINTA MET. EVEL PREMIUMBLOCK 5 MTRS",1100000498,"0256","2.0256",2064.983,2294.400,0,"DIS-AT MAYORISTA","GENERAL","ACCESORIOS","GENERAL","","15-07-2022",0,0,0.00,0.00,"$",1100000425,"",18-07-2022 16:25:32
0,425,"CINTA MET. EVEL PREMIUMBLOCK 8 MTRS",1100000499,"0257","2.0257",3403.720,3781.870,0,"DIS-AT MAYORISTA","GENERAL","ACCESORIOS","GENERAL","","15-07-2022",0,0,0.00,0.00,"$",1100000426,"",18-07-2022 16:25:32
0,426,"PISTOLA APLICADORA SELLAD. REF. BRITEX",1100000500,"0258","2.0258",1067.784,1186.410,0,"DIS-AT MAYORISTA","GENERAL","ACCESORIOS","GENERAL","","15-07-2022",0,0,0.00,0.00,"$",1100000427,"",18-07-2022 16:25:32
0,427,"PISTOLA APLICADORA P/SELLADOR NEON EVOL1",1100000501,"0259","2.0259",1096.857,1218.720,0,"DIS-AT MAYORISTA","GENERAL","ACCESORIOS","GENERAL","","15-07-2022",0,0,0.00,0.00,"$",1100000428,"",18-07-2022 16:25:32
0,428,"CINTA DE PAPEL 24 X 50 M",1100000502,"0260","2.0260",431.721,479.690,0,"DIS-AT MAYORISTA","GENERAL","ACCESORIOS","GENERAL","","15-07-2022",0,0,0.00,0.00,"$",1100000429,"",18-07-2022 16:25:32
0,429,"MINI-FLEX 25 X 15 EJE 130MM *120",1100000503,"0261","2.0261",355.698,395.220,0,"DIS-AT MAYORISTA","GENERAL","ACCESORIOS","GENERAL","","15-07-2022",0,0,0.00,0.00,"$",1100000430,"",18-07-2022 16:25:32
0,430,"MINI-FLEX 25X15 EJE 130MM *400",1100000504,"0168","1.0168",355.709,395.230,0,"DIS-AT MAYORISTA","GENERAL","HIERROS","GENERAL","","15-07-2022",0,0,0.00,0.00,"$",1100000431,"",18-07-2022 16:25:32
0,431,"MINI-FLEX 35 X 15 EJE 130MM *120",1100000505,"0262","2.0262",440.389,489.320,0,"DIS-AT MAYORISTA","GENERAL","ACCESORIOS","GENERAL","","15-07-2022",0,0,0.00,0.00,"$",1100000432,"",18-07-2022 16:25:32
0,432,"MINI-FLEX 47 X 15 EJE 130MM *80",1100000506,"0263","2.0263",616.942,685.480,0,"DIS-AT MAYORISTA","GENERAL","ACCESORIOS","GENERAL","","15-07-2022",0,0,0.00,0.00,"$",1100000433,"",18-07-2022 16:25:32
0,433,"MINI-FLEX 25 X 15 *100",1100000507,"0264","2.0264",302.987,336.650,0,"DIS-AT MAYORISTA","GENERAL","ACCESORIOS","GENERAL","","15-07-2022",0,0,0.00,0.00,"$",1100000434,"",18-07-2022 16:25:32
0,434,"MASILLA PLASTICA ZEOCAR 500 GRS.",1100000508,"0265","2.0265",1037.342,1152.590,0,"DIS-AT MAYORISTA","GENERAL","ACCESORIOS","PINTURAS","","15-07-2022",0,0,0.00,0.00,"$",1100000435,"",18-07-2022 16:25:32
0,435,"NUMERO BRONCEADO EN ACERO ECO",1100000509,"0266","2.0266",128.608,142.900,0,"DIS-AT MAYORISTA","GENERAL","ACCESORIOS","REJAS/PORTONES","","15-07-2022",0,0,0.00,0.00,"$",1100000436,"",18-07-2022 16:25:32
0,436,"HIERRO LISO 22.20MM X 6MTRS",1100000510,"0169","1.0169",6170.138,6855.640,0,"TERAR S.A  NRO CLIENTE 256397","GENERAL","HIERROS","GENERAL","","15-07-2022",0,0,0.00,0.00,"$",1100000437,"",18-07-2022 16:25:32
0,437,"NUMERO BLANCO EN ACERO ECO",1100000511,"0267","2.0267",136.651,151.830,0,"DIS-AT MAYORISTA","GENERAL","ACCESORIOS","GENERAL","","15-07-2022",0,0,0.00,0.00,"$",1100000438,"",18-07-2022 16:25:32
0,438,"MECHA E-Z ACERO RAPIDO 3.00MM",1100000514,"0268","2.0268",344.703,383.000,0,"DIS-AT MAYORISTA","GENERAL","ACCESORIOS","GENERAL","","15-07-2022",0,0,0.00,0.00,"$",1100000439,"",18-07-2022 16:25:32
0,439,"MECHA E-Z ACERO RAPIDO 3.5 MM",1100000515,"0269","2.0269",371.365,412.620,0,"DIS-AT MAYORISTA","GENERAL","ACCESORIOS","GENERAL","","15-07-2022",0,0,0.00,0.00,"$",1100000440,"",18-07-2022 16:25:32
0,440,"MECHA E-Z ACERO RAPIDO 4.00 MM",1100000516,"0270","2.0270",425.162,472.400,0,"DIS-AT MAYORISTA","GENERAL","ACCESORIOS","GENERAL","","15-07-2022",0,0,0.00,0.00,"$",1100000441,"",18-07-2022 16:25:32
0,441,"MECHA E-Z ACERO RAPIDO 4.5 MM",1100000517,"0271","2.0271",496.781,551.970,0,"DIS-AT MAYORISTA","GENERAL","ACCESORIOS","GENERAL","","15-07-2022",0,0,0.00,0.00,"$",1100000442,"",18-07-2022 16:25:32
0,442,"MECHA E-Z ACERO RAPIDO 5.00 MM",1100000518,"0272","2.0272",549.087,610.090,0,"DIS-AT MAYORISTA","GENERAL","ACCESORIOS","GENERAL","","15-07-2022",0,0,0.00,0.00,"$",1100000443,"",18-07-2022 16:25:32
0,443,"MECHA E-Z ACERO RAPIDO 5.5 MM",1100000519,"0273","2.0273",607.850,675.380,0,"DIS-AT MAYORISTA","GENERAL","ACCESORIOS","GENERAL","","15-07-2022",0,0,0.00,0.00,"$",1100000444,"",18-07-2022 16:25:32
0,444,"MECHA E-Z ACERO RAPIDO 6.00 MM",1100000520,"0274","2.0274",632.971,703.290,0,"DIS-AT MAYORISTA","GENERAL","ACCESORIOS","GENERAL","","15-07-2022",0,0,0.00,0.00,"$",1100000445,"",18-07-2022 16:25:32
0,445,"MECHA E-Z ACERO RAPIDO 6.50 MM",1100000521,"0275","2.0275",733.313,814.780,0,"DIS-AT MAYORISTA","GENERAL","ACCESORIOS","GENERAL","","15-07-2022",0,0,0.00,0.00,"$",1100000446,"",18-07-2022 16:25:32
0,446,"MECHA E-Z ACERO RAPIDO 7.00 MM",1100000522,"0276","2.0276",854.811,949.780,0,"DIS-AT MAYORISTA","GENERAL","ACCESORIOS","GENERAL","","15-07-2022",0,0,0.00,0.00,"$",1100000447,"",18-07-2022 16:25:32
0,447,"MECHA E-Z ACERO RAPIDO 7.50 MM",1100000523,"0277","2.0277",969.656,1077.380,0,"DIS-AT MAYORISTA","GENERAL","ACCESORIOS","GENERAL","","15-07-2022",0,0,0.00,0.00,"$",1100000448,"",18-07-2022 16:25:32
0,448,"MECHA E-Z ACERO RAPIDO 8.00 MM",1100000524,"0278","2.0278",1116.794,1240.870,0,"DIS-AT MAYORISTA","GENERAL","ACCESORIOS","GENERAL","","15-07-2022",0,0,0.00,0.00,"$",1100000449,"",18-07-2022 16:25:32
0,449,"MECHA E-Z ACERO RAPIDO 8.50 MM",1100000525,"0279","2.0279",1260.000,1399.990,0,"DIS-AT MAYORISTA","GENERAL","ACCESORIOS","GENERAL","","15-07-2022",0,0,0.00,0.00,"$",1100000450,"",18-07-2022 16:25:32
0,450,"MECHA E-Z ACERO RAPIDO 9.00MM",1100000526,"0280","2.0280",1421.190,1579.080,0,"DIS-AT MAYORISTA","GENERAL","ACCESORIOS","GENERAL","","15-07-2022",0,0,0.00,0.00,"$",1100000451,"",18-07-2022 16:25:32
0,451,"MECHA E-Z ACERO RAPIDO 9.50 MM",1100000528,"0281","2.0281",1604.471,1782.730,0,"DIS-AT MAYORISTA","GENERAL","ACCESORIOS","GENERAL","","15-07-2022",0,0,0.00,0.00,"$",1100000452,"",18-07-2022 16:25:32
0,452,"MECHA E-Z ACERO RAPIDO 10.50 MM",1100000529,"0282","2.0282",2283.095,2536.750,0,"DIS-AT MAYORISTA","GENERAL","ACCESORIOS","GENERAL","","15-07-2022",0,0,0.00,0.00,"$",1100000453,"",18-07-2022 16:25:32
0,453,"MECHA E-Z ACERO RAPIDO 11.00 MM",1100000530,"0283","2.0283",2495.576,2772.830,0,"DIS-AT MAYORISTA","GENERAL","ACCESORIOS","GENERAL","","15-07-2022",0,0,0.00,0.00,"$",1100000454,"",18-07-2022 16:25:32
0,454,"MECHA E-Z ACERO RAPIDO 11.00 MM",1100000531,"0284","2.0284",2495.576,2772.830,0,"DIS-AT MAYORISTA","GENERAL","ACCESORIOS","GENERAL","","15-07-2022",0,0,0.00,0.00,"$",1100000455,"",18-07-2022 16:25:32
0,455,"MECHA E-Z ACERO RAPIDO 11.50 MM",1100000532,"0285","2.0285",2730.697,3034.080,0,"DIS-AT MAYORISTA","GENERAL","ACCESORIOS","GENERAL","","15-07-2022",0,0,0.00,0.00,"$",1100000456,"",18-07-2022 16:25:32
0,456,"MECHA E-Z ACERO RAPIDO 12.00 MM",1100000533,"0286","2.0286",3010.545,3345.020,0,"DIS-AT MAYORISTA","GENERAL","ACCESORIOS","GENERAL","","15-07-2022",0,0,0.00,0.00,"$",1100000457,"",18-07-2022 16:25:32
0,457,"MECHA E-Z ACERO RAPIDO 12.50 MM",1100000534,"0287","2.0287",3396.314,3773.640,0,"DIS-AT MAYORISTA","GENERAL","ACCESORIOS","GENERAL","","15-07-2022",0,0,0.00,0.00,"$",1100000458,"",18-07-2022 16:25:32
0,458,"MECHA E-Z ACERO RAPIDO 13.00 MM",1100000535,"0288","2.0288",3803.294,4225.840,0,"DIS-AT MAYORISTA","GENERAL","ACCESORIOS","GENERAL","","15-07-2022",0,0,0.00,0.00,"$",1100000459,"",18-07-2022 16:25:32
0,459,"REGATON RECTANGULAR 20X40",1100000536,"0289","2.0289",19.464,21.630,0,"DIS-AT MAYORISTA","GENERAL","ACCESORIOS","REJAS/PORTONES","","15-07-2022",0,0,0.00,0.00,"$",1100000460,"",18-07-2022 16:25:32
0,460,"REGATON RECTANGULAR 20 X 50",1100000537,"0290","2.0290",20.260,22.510,0,"DIS-AT MAYORISTA","GENERAL","ACCESORIOS","REJAS/PORTONES","","15-07-2022",0,0,0.00,0.00,"$",1100000461,"",18-07-2022 16:25:32
0,461,"REGATON RECTANGULAR 15 X 25",1100000538,"0291","2.0291",14.043,15.600,0,"DIS-AT MAYORISTA","GENERAL","ACCESORIOS","GENERAL","","15-07-2022",0,0,0.00,0.00,"$",1100000462,"",18-07-2022 16:25:32
0,462,"REGATON RECTANGULAR 15 X 30",1100000539,"0292","2.0292",18.244,20.270,0,"DIS-AT MAYORISTA","GENERAL","ACCESORIOS","REJAS/PORTONES","","15-07-2022",0,0,0.00,0.00,"$",1100000463,"",18-07-2022 16:25:32
0,463,"REGATON RECTANGULAR 20 X 30",1100000540,"0293","2.0293",19.074,21.190,0,"DIS-AT MAYORISTA","GENERAL","ACCESORIOS","REJAS/PORTONES","","15-07-2022",0,0,0.00,0.00,"$",1100000464,"",18-07-2022 16:25:32
0,464,"SELLADOR ADHESIVO MS NEGRO 290 FISCHER",1100000541,"0294","2.0294",2474.266,2749.160,0,"ITURRIA S.A.","GENERAL","ACCESORIOS","GENERAL","","15-07-2022",0,0,0.00,0.00,"$",1100000465,"",18-07-2022 16:25:32
0,465,"TORNILLO T1 P/ MECHA 8 X 3/4 (PHILLIPS)",1100000542,"0295","2.0295",4.964,5.520,0,"RC DISTRIBUCIONES","GENERAL","ACCESORIOS","GENERAL","","15-07-2022",0,0,0.00,0.00,"$",1100000466,"",18-07-2022 16:25:32
0,466,"CANDADO 32MM ECO",1100000543,"0296","2.0296",660.660,734.060,0,"CORDOBES","GENERAL","ACCESORIOS","GENERAL","","15-07-2022",0,0,0.00,0.00,"$",1100000467,"",18-07-2022 16:25:32
0,467,"CANDADO 40MM ECO",1100000544,"0297","2.0297",817.960,908.840,0,"CORDOBES","GENERAL","ACCESORIOS","GENERAL","","15-07-2022",0,0,0.00,0.00,"$",1100000468,"",18-07-2022 16:25:32
