CodigoArticulo;DescripcionArticulo;Anulado;UnidadesXBulto;ValorUMedida;UnidadMedida
95;POSTRE SERENITO VAI 120 G.;SI;20;1;UNIDAD
34;POSTRE SERENITO COMB 120 G.V/DCE;NO;20;1;UNIDAD
135;YOGURISIMO C/ZUCARITAS;SI;20;1;UNIDAD
102;YOGUR SER C/FRUTAS 180 G.;NO;20;1;UNIDAD
104;YOGUR DESC.SER POTE 195 G.;SI;20;1;UNIDAD
133;SER CON CEREAL MUESLI 167G;SI;20;1;UNIDAD
1039;POSTRE DANETTE COPA 100G;SI;20;1;UNIDAD
304;POSTRE SERENITO C/ROCKLETS 120G;SI;20;1;UNIDAD
198;CINDOR BRICK 250 CC;SI;24;1;UNIDAD
94;DANONINO MAXI PACK X 2;SI;36;1;UNIDAD
1158;FLAN SER TENTACION PACK 220 G.;SI;24;1;UNIDAD
303;COMBO CASANCREM CLASICO+JAMON+TUPPER;NO;1;1;UNIDAD
222;ACTIVIA BEBIBLE BOT.185G.PE/KI;SI;35;1;UNIDAD
409;POSTRE SERENITO BOMBAS CROCANTES;SI;20;1;UNIDAD
823;YOGURISIMO CREMIX PACK 750 G.;SI;8;1;UNIDAD
1036;POSTRE SER COPA 125G CHOC BELGA;SI;20;1;UNIDAD
566;ACTIMEL 0% X 6;SI;8;1;UNIDAD
574;ACTIMEL PACK X 6;SI;8;1;UNIDAD
1814;LECHE VITAL INF1 BRICK 200ML;SI;30;1;UNIDAD
1852;LECHE VITAL INF2 BRICK 200ML;SI;30;1;UNIDAD
2897;LECHE VITAL INF3 BRICK 200ML;SI;30;1;UNIDAD
1876;LECHE VITAL INF1 LATA 400G;SI;0;1;UNIDAD
1883;LECHE VITAL INF2 LATA 400G;SI;3;1;UNIDAD
2327;VITAL INF FRUTA PURA MANZANA;SI;0;1;UNIDAD
2297;VITAL INF FRUTA PURA MANZ-BANA;SI;0;1;UNIDAD
2310;VITAL INF FRUTA PURA MANZ-PERA;SI;0;1;UNIDAD
2303;VITAL INF FRUTA PURA MULTIFR;SI;0;1;UNIDAD
610;POSTRE SER PACK 190;SI;24;1;UNIDAD
2556;LECHE VITAL INF BANANA 200 BRI;SI;30;1;UNIDAD
2927;LECHE VITAL INF1 PVO.212G.;SI;12;1;UNIDAD
2934;LECHE VITAL INF2 PVO.212G;SI;12;1;UNIDAD
2941;LECHE VITAL INFANTIL 3 X 225G;SI;12;1;UNIDAD
191;YOGUR GRIEGO 100 G.;SI;48;1;UNIDAD
984;YOGURISIMO CREMIX 6X5;SI;8;1;UNIDAD
892;CINDOR FORTIFICADA X 1L.;SI;12;1;UNIDAD
893;POSTRE SER PACK 400G.;SI;12;1;UNIDAD
166;VIDACOL X 4;SI;12;1;UNIDAD
2839;L.NUTRILON PREMIUM 1 BRICK 200;SI;30;1;UNIDAD
2846;L.NUTRILON PREM.2 BRICK 200;SI;30;1;UNIDAD
2853;L.NUTRILON PREM3 BRICK 200;SI;30;1;UNIDAD
46;SERENITO CRASH PACK 200G;SI;24;1;UNIDAD
3407;TIC TAC EXTRA FUERTE 12X 192G;SI;12;1;UNIDAD
993;YOGUR SER C/CEREAL 166G;SI;20;1;UNIDAD
614;VIDACOL PACK 480 G. MULTIFR;SI;8;1;UNIDAD
114;POSTRE SER POTE 125G CHOCOLATE;SI;20;1;UNIDAD
244;VIDACOL PACK X 960G MULTIFR;SI;4;1;UNIDAD
2778;L.NUTRILON PREMIUM1 LATA 800G.;SI;0;1;UNIDAD
2792;L.NUTRILON PREMIUM3 LATA 800G.;SI;0;1;UNIDAD
2808;L.NUTRILON PREMIUM1 LATA 400G.;SI;0;1;UNIDAD
703;FLAN SER TENTACION PACK 420G.;SI;12;1;UNIDAD
2785;L.NUTRILON PREMIUM2 LATA 800G;SI;1;1;UNIDAD
957;YOGUR CREMIX PACK 480 G.;SI;12;1;UNIDAD
517;DANONINO PELUCHE DINOMAGO;SI;60;1;UNIDAD
612;POSTRE LA COPA CINDOR 100 G.;SI;20;1;UNIDAD
2938;LECHE VITAL VITAFE3 X 800 G.;SI;12;1;UNIDAD
300;PROMO:4 YOG FIRME+TUPPER;NO;12;1;UNIDAD
301;PROMO:4 YOG CREMIX+TUPPER;NO;12;1;UNIDAD
302;COMBO CASANCREM CLASICO+INTENSO+TUPPER;NO;1;1;UNIDAD
2914;LECHE VITAL INF1X800;SI;3;1;UNIDAD
2921;LECHE VITAL INF.VITAFE2 X 800G;SI;12;1;UNIDAD
4612;COPA CINDOR PROMO 1 DE YAPA;SI;20;1;UNIDAD
47;SERENITO WAU PACK 200G;SI;20;1;UNIDAD
1214;PROMO GANAS O GANAS;SI;0;1;UNIDAD
802;DINO MOCHILA;SI;0;1;UNIDAD
455;ACTIVIA SACHET 700 G.CIRUELA;SI;16;1;UNIDAD
499;YOGUR SER COLCHON C/CEREAL FR/MO;SI;20;1;UNIDAD
1877;LECHE VITAL INF 2 X 400G;SI;24;1;UNIDAD
414;ACTIMEL PACK 1200 G.;SI;12;1;UNIDAD
100;SEREPESOS 0,50;SI;0;1;UNIDAD
830;FLAN DANETTEVAINILLA X 380 G.;SI;12;1;UNIDAD
537;ACTIVIA 0% CIR. PACK 500G.;SI;12;1;UNIDAD
603;SERENITO LA COPA POSTRE CHOCOLATE 100G;SI;20;1;UNIDAD
7423;YOGURISIMO P/BEBER 1300G.;SI;13;1;UNIDAD
7515;YOGURISIMO BEB SACH X 1L;SI;16;1;UNIDAD
3923;COMBO NUTELLA+ TAZAS;NO;1;1;UNIDAD
1137;CASANCREM LIGHT 480G;SI;12;1;UNIDAD
7135;PROMO YOGURISIMO C/ZUCARITAS;SI;20;1;UNIDAD
7957;YOGURISIMO CREMIX X 4;SI;12;1;UNIDAD
7908;YOGURISIMO FIRME PACK 500 G.;SI;12;1;UNIDAD
7508;YOGURISIMO FORT.ENT.SACHET 1L;SI;16;1;UNIDAD
184;FLAN DANETTE CREMOSO PACK 230G;SI;24;1;UNIDAD
273;POSTRE DANETTE PACK 230 G;SI;24;1;UNIDAD
932;FLAN SERENITO FORTIF PACK 210G;SI;24;1;UNIDAD
1013;FC.1-4197,1-4301,1-4422;SI;0;1;UNIDAD
1014;FC.1-4526,1-4639,1-4738;SI;0;1;UNIDAD
1015;FC.1-4863 Y 1-4930;SI;0;1;UNIDAD
101;SEREPESOS 2,00;SI;0;1;UNIDAD
9423;YOGURISIMO FORT.ENT.SACH.1300G;SI;13;1;UNIDAD
9515;YOGURISIMO FORT.ENT.SACH.1100G;SI;15;1;UNIDAD
9508;YOGURISIMO FORTIF ENT SACH 1L;SI;16;1;UNIDAD
9231;YOGUR SER DESCR SACHET 1300G;SI;13;1;UNIDAD
9973;YOGUR SER FORTIF SACHET 900G;SI;16;1;UNIDAD
9430;DANONINO BEBIBLE FORTIF.185G;SI;35;1;UNIDAD
9333;Y.P/BEBER ENT.BOTELLITA 220CC;SI;35;1;UNIDAD
9827;DANONINO BEB FORT PACK 400G;SI;12;1;UNIDAD
9820;YOGUR SER FORT CACI+ BOT 185G;SI;35;1;UNIDAD
9332;YOGUR SER LIBRE FORT MULT BOT 185G;SI;35;1;UNIDAD
5012;YOGURISIMO FIRME FORT 190G;SI;20;1;UNIDAD
685;YOGUIRISIMO C/CEREAL Y COLCHON;SI;20;1;UNIDAD
7973;YOGUR SER FORTIF SACHET 900G;SI;16;1;UNIDAD
223;ACTIVIA C/COLCHON FR.Y CEREAL;SI;20;1;UNIDAD
268;ACTIVIA COLCHON FR Y CER(M-P);SI;20;1;UNIDAD
9253;ACTIVIA BATIDO CIRUELA PACK 250G;SI;24;1;UNIDAD
9425;ACTIVIA BATIDO CIRUE PACK X 500G;SI;12;1;UNIDAD
9510;ACTIVIA FIBRABAL.X500(MUESLI);SI;12;1;UNIDAD
9229;ACTIVIA SACHET 1100G;SI;16;1;UNIDAD
9222;ACTIVIA BEB PROBIOTICOS C/CHIA 185G;SI;35;1;UNIDAD
1017;POSTRE STO.C/SORPRESA MUSICA;SI;20;1;UNIDAD
1202;CASANCREM 290G;SI;12;1;UNIDAD
1203;CASANCREM LIGHT 290G;SI;12;1;UNIDAD
1130;CASANCREM 500G;SI;12;1;UNIDAD
1131;CASANCREM LIGHT 500G;SI;12;1;UNIDAD
1803;LECHE LS CRECER PLUS 1A3 250CC;SI;27;1;UNIDAD
821;DANONINO PACK X 322G FRUTILLA;SI;18;1;UNIDAD
7231;YOGUR SER FOTIF SACH 1100G;SI;16;1;UNIDAD
192;CINDOR X 1 L.;SI;12;1;UNIDAD
9435;YOGURISIMO FORT.SACH 1100G BAN;SI;16;1;UNIDAD
1802;LECHE LS CRECER PLUS 6 A 12M;SI;27;1;UNIDAD
1801;LECHE LS CRECER PLUS H/6M.250C;SI;27;1;UNIDAD
9512;YOGURISIMO FIRME FORT FRUT 190G;SI;20;1;UNIDAD
9908;YOGURISIMO FIRME FORT PACK X 2;SI;24;1;UNIDAD
9012;YOGURISIMO FIRME FORT VAI 190G;SI;20;1;UNIDAD
801;YOGUR SER CACI+ FIRME;SI;20;1;UNIDAD
92;DANONINO PACK 90 G. FRUTILLA;SI;36;1;UNIDAD
9957;YOGURÍSIMO CREMIX FORTIF PACK 480G;SI;12;1;UNIDAD
9984;YOGURISIMO CREMIX FRU.PACK 720G;SI;8;1;UNIDAD
9823;YOGURÍSIMO CREMIX VAI PACK 720G;SI;8;1;UNIDAD
9135;YOGURISIMO C/ZUCAR.FORT 166G;SI;20;1;UNIDAD
1032;POSTRE DANETTE CH/DC. 190G;SI;36;1;UNIDAD
1033;POSTRE DANETTE CH/FR. 190G;SI;36;1;UNIDAD
530;POSTRE DANETTE 190G;SI;36;1;UNIDAD
526;POSTRE DANETTE 380G;SI;12;1;UNIDAD
7095;POSTRE SERENITO VAI;SI;20;1;UNIDAD
7530;POSTRE DANETTE;SI;36;1;UNIDAD
7158;FLAN SER;SI;24;1;UNIDAD
7104;YOGUR SER FIRME;SI;0;1;UNIDAD
9685;YOGURISIMO C/CEREAL Y COLCHON;SI;20;1;UNIDAD
531;FLAN DANETTE VAI C/CARAMELO 95G;SI;48;1;UNIDAD
116;YOGURISIMO DUO MOUSSE 74G;SI;24;1;UNIDAD
6231;YOGUR SER DESCR SACHET 1100G;SI;16;1;UNIDAD
6973;YOGUR SER DESCR.SACHET 900G;SI;16;1;UNIDAD
4957;3 X 2 YOGURISIMO CREMIX X 4;SI;12;1;UNIDAD
4530;3 X 2 POSTRE DANETTE;SI;36;1;UNIDAD
4012;4 X 3 YOGURISIMO FIRME;SI;20;1;UNIDAD
4158;3 X 2 FLAN SER X 2;SI;24;1;UNIDAD
6423;YOGURISIMO ENT SACHET X 1300G;SI;12;1;UNIDAD
5333;YOGURISIMO GO BOT 185G.;SI;35;1;UNIDAD
6908;YOGURISIMO FIRME FORT 500G;SI;12;1;UNIDAD
6012;YOGURISIMO FIRME FORT 190G;SI;20;1;UNIDAD
6515;YOGURISIMO ENT SACHET X 1100G;SI;15;1;UNIDAD
6957;YOGURISIMO CREMIX FORTI 480G;SI;12;1;UNIDAD
6130;YOGURISIMO ENT C/CEREAL 164G;SI;20;1;UNIDAD
6687;YOGURISIMO +FORT C/CER. Y COLCHON;SI;20;1;UNIDAD
9574;ACTIMEL PACK 600G;NO;8;1;UNIDAD
6508;YOGURISIMO +FORTI SACHET 1L;SI;17;1;UNIDAD
5130;YOGURISIMO +FORTI C/CEREALES;SI;20;1;UNIDAD
5508;YOGURISIMO SACHET IMBATIBLE 1L.;SI;16;1;UNIDAD
9566;ACTIMEL 0% PACK 600G;NO;8;1;UNIDAD
6823;YOGURISIMO CREMIX +FORTI PACK 6X5;SI;8;1;UNIDAD
6984;YOGURISIMO CREMIX +FORTI 6X5 FRUT;SI;8;1;UNIDAD
9825;ACTIVIA BEBIBLE FRUT/MANZ SACHET 1000G;SI;17;1;UNIDAD
9104;YOGUR SER DESCREMADO FIRME 195G;SI;20;1;UNIDAD
1804;LECHE LS BABY 3  X 1L.;NO;12;1;UNIDAD
5425;ACTIVIA ENTERO PACK 500G;SI;12;1;UNIDAD
5202;CASANCREM ENT POTE 300G;SI;12;1;UNIDAD
5203;CASANCREM LIGHT POTE 300G;SI;12;1;UNIDAD
5030;CASANCREM ENT POTE 500G;SI;12;1;UNIDAD
5131;CASANCREM LIGHT POTE 500G;SI;12;1;UNIDAD
5530;POSTRE DANETTE HELADO 95G;SI;72;1;UNIDAD
5102;YOGUR SER C/COLCHON FRUTAS;SI;20;1;UNIDAD
5104;YOGUR SER FIRME 190G;SI;20;1;UNIDAD
9986;POSTRE SER PACK 200G;SI;24;1;UNIDAD
5303;POSTRE SER PACK 200G;SI;24;1;UNIDAD
5993;YOGUR SER C/CEREAL 165G;SI;20;1;UNIDAD
5158;FLAN SER TENTACION 210G;SI;24;1;UNIDAD
5973;YOGUR SER +FORT SACHET 900G;SI;16;1;UNIDAD
5901;YOGUR SER BATIDO CALCI+ 240G;SI;24;1;UNIDAD
5034;POSTRE SERENITO COMBINADO 125G;SI;20;1;UNIDAD
5095;POSTRE SERENITO 120G;SI;20;1;UNIDAD
5957;YOGURISIMO CREMIX FORTIF 480G;SI;12;1;UNIDAD
5908;YOGURISIMO FIRME +FORTIF 500G;SI;12;1;UNIDAD
5423;YOGURISIMO SACHET IMBATIBLE 1300G;SI;13;1;UNIDAD
9901;YOGUR SER BATIDO CALCI+ 240G;SI;48;1;UNIDAD
6430;DANONINO BEB FORT 185G;SI;35;1;UNIDAD
9924;YOGURISIMO YOG.BEB. CARTON SQU.1L;SI;16;1;UNIDAD
9923;YOGUR SER DESCR BEB.CARTON SQU.1L;SI;16;1;UNIDAD
6827;DANONINO BEB +FORTI PACK 400G;SI;12;1;UNIDAD
6820;YOGUR SER CALCI+ BEB BOT 185G;SI;35;1;UNIDAD
1028;SERENITO MUNDIAL 117G.VAIN.;SI;0;1;UNIDAD
408;YOGUR GRIEGO FRUT X 2;SI;24;1;UNIDAD
1140;MUNECO PACHORRA MUNDIAL;SI;125;1;UNIDAD
1035;POSTRE DANETTE ALFAJOR CHOC 125G;SI;20;1;UNIDAD
1019;YOGUR SER C/FRUTAS MANGO-MARAC 180G;SI;20;1;UNIDAD
9555;YOGURISIMO CREMIX POTE 150G VAIN;SI;20;1;UNIDAD
1204;Q.MANTECREM POTE 190G;SI;12;1;UNIDAD
9902;YOGUR SER CALCI+ BATIDO 120G;SI;48;1;UNIDAD
2972;LECHE VITAL INF 1 X 800G;NO;12;1;UNIDAD
2962;LECHE VITAL INF 2 X 800G;SI;12;1;UNIDAD
2952;LECHE VITAL INF 3 X 800G;NO;12;1;UNIDAD
9303;POSTRE SER PACK 200G;SI;24;1;UNIDAD
9893;POSTRE SER PACK 400G CHOC;SI;12;1;UNIDAD
9971;POSTRE SER C/CEREAL CHOC POTE 164G;SI;20;1;UNIDAD
9703;FLAN SER PACK 380G VAIN;SI;12;1;UNIDAD
9158;FLAN SER TENTACION VAIN 95G;SI;48;1;UNIDAD
1037;POSTRE DANETTE POTE 120G;SI;20;1;UNIDAD
1038;POSTRE DANETTE C/ROCKLETS 120G;SI;20;1;UNIDAD
9987;YOGURISIMO PACHORRA BOT 185G;SI;35;1;UNIDAD
435;YOGURISIMO PACHORRA BOT 185G;SI;35;1;UNIDAD
9010;YOGURISIMO C/BOLAS CHOC 162G;SI;20;1;UNIDAD
181;YOGURISIMO C/CEREALES FRUTALES 162G;SI;20;1;UNIDAD
986;YOGURISIMO STICK PACK X 6;SI;9;1;UNIDAD
2970;LECHE VITAL INF1 BRICK 200ML;NO;30;1;UNIDAD
2960;LECHE VITAL INF2 BRICK 200ML;NO;30;1;UNIDAD
2950;LECHE VITAL INF3 BRICK 200ML;NO;30;1;UNIDAD
1805;LECHE LS BABY 1 X 200ML;NO;30;1;UNIDAD
1806;LECHE LS BABY 2 X 200ML;NO;30;1;UNIDAD
1807;LECHE LS BABY 3 X 200ML;NO;30;1;UNIDAD
2943;L.NUTRILON PROFUTURA 1 200ML;NO;30;1;UNIDAD
2940;L.NUTRILON PROFUTURA 1 400G;SI;24;1;UNIDAD
2942;L.NUTRILON PROFUTURA 1 800G;NO;12;1;UNIDAD
2931;L.NUTRILON PROFUTURA 2 200ML;NO;24;1;UNIDAD
2930;L.NUTRILON PROFUTURA 2 800G;NO;12;1;UNIDAD
2922;L.NUTRILON PROFUTURA 3 200ML;NO;30;1;UNIDAD
2920;L.NUTRILON PROFUTURA 3 800G;NO;12;1;UNIDAD
2910;L.NUTRILON PROFUTURA 4 200ML;NO;30;1;UNIDAD
2911;L.NUTRILON PREMIUM 4 1000ML;NO;6;1;UNIDAD
1060;POSTRE SERENITO C/MOGUL;SI;20;1;UNIDAD
9925;YOGURISIMO CREMIX BIG SIZE 960G;SI;8;1;UNIDAD
807;GELATINA SERENITO 210G;SI;24;1;UNIDAD
5334;YOGURISIMO GO BOT.185G;SI;35;1;UNIDAD
156;CINDOR FRUTILLA 1L.;SI;12;1;UNIDAD
146;CINDOR SLIM 200CM;SI;24;1;UNIDAD
9400;YOGURISIMO FRESH SACHET 806CM;SI;20;1;UNIDAD
991;CINDOR MID X 1L.;SI;12;1;UNIDAD
9903;YOGUR SER BAT CALCI+PACK 480G FRU;SI;12;1;UNIDAD
1908;YOGURISIMO FIRME VAI X 4U.;SI;12;1;UNIDAD
9105;YOGUR SER JOYFUL 125G;SI;12;1;UNIDAD
93;DANONINO FRUTILLA POTE 105G;SI;20;1;UNIDAD
1206;Q.CASANCREM DULCECREM POTE 190G;SI;12;1;UNIDAD
2451;L.NUTRILON PROFUTURA 4 X 800G;NO;12;1;UNIDAD
307;COMBO CASANCREM LIGHT+JAMON+TUPPER;NO;1;1;UNIDAD
5315;FLAN DANETTE C/CARAM. VAI. 190G;SI;24;1;UNIDAD
9994;DANONINO HELADO FRU/BAN PACK 161G;SI;36;1;UNIDAD
9011;YOGURISIMO CRUNCH ROCKLETS 170G;SI;20;1;UNIDAD
9013;YOGURISIMO CRUNCH COFLER 170G;SI;20;1;UNIDAD
9014;MI PRIMER YOGURISIMO 120G;SI;48;1;UNIDAD
1207;BOLSACREM PACK CASANCREM 500 + DULCECREM;SI;6;1;UNIDAD
362;BOLSA AHORRO YOGURIS C/CEREAL 492G;SI;6;1;UNIDAD
6232;YOGUR SER P/BEBER SACHET 1 KG.;SI;17;1;UNIDAD
2819;LECHE LS BABY 1 X 750 G.;SI;12;1;UNIDAD
2826;LECHE LS BABY 2 X 750 G.;SI;12;1;UNIDAD
2833;LECHE LS BABY 3 X 750 G.;SI;12;1;UNIDAD
1666;VIDACOL PACK 400G MULTIFR;SI;48;1;UNIDAD
956;YOGURISIMO CREMIX PACK X 2;SI;24;1;UNIDAD
2932;LECHE LS BABY 4 X 750G;SI;12;1;UNIDAD
2840;CEREAL NUTRILON PROFUT.ARROZ 200G;SI;0;1;UNIDAD
2871;CEREAL NUTRILON PROF.ARROZ BAN.MANZ 200G;SI;0;1;UNIDAD
2864;CEREAL NUTRILON PROFUT.5CEREALES 200G;SI;0;1;UNIDAD
9927;YOGUR SER BIG SIZE 960GR FRUTOS ROJOS;SI;8;1;UNIDAD
6953;YOGUR SER BATIDO POTE 85G FRUT;SI;72;1;UNIDAD
6954;YOGURISIMO BATIDO POTE 85G;SI;72;1;UNIDAD
6420;DANONINO POTE 45G FRUT;SI;72;1;UNIDAD
2043;LECHE CRECER PLUS 2 BRICK 200ML;SI;30;1;UNIDAD
553;YOGUR SER BALANCE  250G;SI;24;1;UNIDAD
512;YOGUR SER BALANCE BOT.FR/UV/PE 185G;SI;35;1;UNIDAD
9926;YOGUR SER TETRABRICK 1000G;SI;16;1;UNIDAD
9656;YOGURISIMO TETRABRICK 1000G;SI;12;1;UNIDAD
833;YOGUR SER TENTACION X 2 240G;SI;24;1;UNIDAD
6131;YOGURISIMO CRUNCH CHOCOLINAS 160G;SI;20;1;UNIDAD
65;CASANCREM 330G;SI;12;1;UNIDAD
71;CASANCREM LIGHT 330G;SI;12;1;UNIDAD
340;GRAN COMPRA ENT.SACHET 1000 G.;SI;17;1;UNIDAD
561;POSTRE DANETTE 190G;SI;36;1;UNIDAD
9996;YOGUR SER CRUNCH KORN FLAKES 166G;SI;20;1;UNIDAD
5335;YOGURISIMO 3 EN 1 BOT.185G;SI;35;1;UNIDAD
6910;YOGURISIMO 3EN1 X2 DUR/CER/SEM;SI;24;1;UNIDAD
9998;YOGUR SER DESCR SACHET 1300G;SI;13;1;UNIDAD
358;YOGUR GRAN COMPRA ENT SACHET 1100G;SI;16;1;UNIDAD
538;YOGUR SER 3 EN 1 PACK X 2 240G;SI;24;1;UNIDAD
9993;YOGUR SER C/CEREAL POTE 181GR;SI;20;1;UNIDAD
1026;POSTRE SERENITO CAPUMOTIC;SI;20;1;UNIDAD
936;SERENITO CHOCOLATADA 1L.;SI;12;1;UNIDAD
937;SERENITO CHOCOLATADA 200CC;SI;24;1;UNIDAD
536;POSTRE DANETTE SALSA FRUT ROJOS;SI;36;1;UNIDAD
9657;YOGURISIMO CREMIX 120G;NO;48;1;UNIDAD
10000;YOGURISIMO FIRME POTE 125G;SI;24;1;UNIDAD
9608;YOGURISIMO FIRME 125G;SI;48;1;UNIDAD
1104;YOGUR SER FIRME POTE 195G;SI;20;1;UNIDAD
3465;LECHE VITAL INF 4 BRICK 200ML;NO;30;1;UNIDAD
5525;LECHE LS BABY 1 X 750G;SI;12;1;UNIDAD
818;CASANCREM 200G;SI;12;1;UNIDAD
828;CASANCREM LIGHT 200G;SI;12;1;UNIDAD
9016;YOGURISIMO GRANOLA 164G;SI;20;1;UNIDAD
9017;YOGURISIMO CEREAL Y FRUTAS 164G;SI;20;1;UNIDAD
2857;CEREAL NUTRILON PROF MAIZ 200G;SI;0;1;UNIDAD
2888;CEREAL NUTRILON PROF CIRUELA 200G;SI;0;1;UNIDAD
2973;LECHE VITAL INF 1 X 400G;SI;24;1;UNIDAD
2789;LECHE VITAL INF 3 X 1L.;SI;12;1;UNIDAD
5562;LECHE VITAL NUTRIPLUS 4 X 800G;SI;12;1;UNIDAD
3380;L.NUTRILON PROFUTURA 2 X 400G;SI;24;1;UNIDAD
2923;L.NUTRILON PROFUTURA 3 X 1L.;NO;12;1;UNIDAD
3366;LECHE LS BABY 1 X 375G;NO;24;1;UNIDAD
3373;LECHE LS BABY 2 X 375G;NO;24;1;UNIDAD
5656;LECHE LS BABY 3 X 800G POUCH;NO;8;1;UNIDAD
5572;LECHE LS BABY 4 X 800G POUCH;NO;8;1;UNIDAD
9538;YOGUR SER 3 EN 1 X 240G DAMASCO;SI;24;1;UNIDAD
9108;YOGUR SER BATIDO C/FRUTAS 120G;SI;48;1;UNIDAD
6010;YOGURISIMO BATIDO C/FRUTAS 150G;SI;20;1;UNIDAD
6014;YOGURISIMO NATURAL C/AZUCAR;SI;20;1;UNIDAD
6015;YOGURISIMO NATURAL 250G;SI;20;1;UNIDAD
1200;BOLSAS DANETTE;SI;0;1;UNIDAD
1199;BOLSA YOGURISIMO;SI;1;1;UNIDAD
970;LUNCHERA DANONINO;SI;0;1;UNIDAD
3504;LECHE LS BABY 4 X 200CC;NO;30;1;UNIDAD
9650;YOGURISIMO BOTELLON 900CC;SI;15;1;UNIDAD
9612;YOGURISIMO FIRME FORT. 300G;SI;20;1;UNIDAD
9018;YOGURISIMO CEREAL Y FRUTA 157G;SI;20;1;UNIDAD
6020;YOGUR LS ORIGINAL ENT NAT C/AZ POTE 200G;SI;20;1;UNIDAD
6022;YOGUR LS ORIGINAL ENT C/FRUTAS 200G;SI;20;1;UNIDAD
1403;CASANCREM LIGHT DESLACT.300G;SI;12;1;UNIDAD
6030;YOGURISIMO DESCR. FIRME 190G;SI;20;1;UNIDAD
958;YOGURISIMO CREMIX MICKEY X 2;SI;24;1;UNIDAD
9944;YOGUR SER C/CEREALES TROPICAL 160G;SI;20;1;UNIDAD
9955;YOGUR SER C/CEREALES BERRIES 160G;SI;20;1;UNIDAD
6110;YOGUR VITO EST ITALIANO 140G;SI;12;1;UNIDAD
1247;POSTRE SERENITO 100G;NO;48;1;UNIDAD
5047;FLAN SERENITO FORTIF VAIN 100G;SI;48;1;UNIDAD
1358;YOGUR GRAN COMPRA CREMIX 120G;NO;48;1;UNIDAD
2961;LECHE VITAL INFANTIL 2 X 225G;SI;12;1;UNIDAD
2314;LECHE VITAL 1 NUTRIPLUS X 1000G;SI;12;1;UNIDAD
2971;LECHE VITAL INFANTIL 1 X 212G;SI;12;1;UNIDAD
3410;L.NUTRILON PROFUTURA 2 400G;SI;24;1;UNIDAD
3472;LECHE VITAL BIFIBRAS 4 X 1L.;SI;6;1;UNIDAD
3634;LECHE LS BABY 1 X 800G;NO;8;1;UNIDAD
3641;LECHE LS BABY 2 X 800G;NO;8;1;UNIDAD
9159;FLAN SER TENTACION VAI 95G;SI;48;1;UNIDAD
1226;YOGUR SER NATURAL ENDULZ 177G;SI;20;1;UNIDAD
6122;YOGURISIMO C/CEREAL CHOCOLATE;SI;20;1;UNIDAD
6133;YOGURISIMO C/ARITOS FRUTALES 150G;SI;20;1;UNIDAD
5316;POSTRE DANETTE 95GR;SI;72;1;UNIDAD
1494;DANONINO MAXI MULTIFRUTA 80,5G;SI;72;1;UNIDAD
1248;CASANCREM LIGERO 200G;SI;20;1;UNIDAD
1047;FLAN SERENITO VAIN 100G;SI;48;1;UNIDAD
1359;YOGUR GRAN COMPRA DESCR. CREMIX 120G;SI;48;1;UNIDAD
9109;YOGUR SER BATIDO C/FRUTAS 120G;SI;48;1;UNIDAD
1155;YOGURISIMO LECHE CULTIVADA SACH 700GR;SI;22;1;UNIDAD
6009;YOGURISIMO FIRME C/CREMA 140G;SI;20;1;UNIDAD
1370;YOGUR GRAN COMPRA ENT C/FRUTILLAS 120G;SI;48;1;UNIDAD
1380;YOGUR GRAN COMPRA ENT SACHET 900G;SI;17;1;UNIDAD
1381;YOGUR GRAN COMPRA DESCR. SACHET 900G;SI;17;1;UNIDAD
1369;YOGUR GRAN COMPRA DESCR C/FRUTAS 120G;SI;48;1;UNIDAD
1208;CASANCREM 290G;SI;12;1;UNIDAD
1209;CASANCREM LIGHT 290G;SI;12;1;UNIDAD
1132;CASANCREM 480G;SI;12;1;UNIDAD
1134;CASANCREM LIGHT 480G;SI;12;1;UNIDAD
6023;YOGUR LS ORIGINAL DESCR NAT.ENDUL 200G;SI;20;1;UNIDAD
6024;YOGUR LS ORIGINAL DESCR C/FRUTAS 200G;SI;20;1;UNIDAD
6011;YOGURISIMO BATIDO C/FRUTILLAS 140G;SI;20;1;UNIDAD
6008;YOGURISIMO FIRME 140G;SI;20;1;UNIDAD
996;YOGUR SER C/CEREAL 149G;SI;20;1;UNIDAD
1374;YOGUR GRAN COMPRA ENT POTE 140G;SI;20;1;UNIDAD
1392;YOGUR GRAN COMPRA ENT BEB FRUT SACH 220G;SI;68;1;UNIDAD
5046;GELATINA SERENITO 100G;SI;48;1;UNIDAD
1108;YOGUR SER FIRME POTE 190G;SI;20;1;UNIDAD
6909;YOGURISIMO FIRME FORT 480G;SI;12;1;UNIDAD
9609;YOGURISIMO FIRME 120G;SI;48;1;UNIDAD
6003;YOGURISIMO C/CEREAL AZUC 135G;SI;20;1;UNIDAD
6002;YOGURISIMO C/CEREAL CHOC 135G;SI;20;1;UNIDAD
6004;YOGURISIMO C/ARITOS FRUT 135G;SI;20;1;UNIDAD
9652;LECHE DE ALMENDRAS SILK 946ML;NO;6;1;UNIDAD
1233;YOGUR SER POWERFOOD FRUTILLA 160G;SI;20;1;UNIDAD
1230;YOGUR SER PROTEINA S/NAT 150G;SI;20;1;UNIDAD
1234;YOGUR SER NATUR REDUC LACTOSA 130G;SI;20;1;UNIDAD
9956;YOGUR SER C/CEREAL BERRIES 155G;SI;20;1;UNIDAD
9700;YOPRO SHAKE 250ML;SI;24;1;UNIDAD
9223;ACTIVIA POTE 130G;SI;48;1;UNIDAD
9224;ACTIVIA SHOT PROBIOT 100G;SI;24;1;UNIDAD
9826;ACTIVIA DESLACTOS SACHET 1L.;SI;17;1;UNIDAD
1218;QUESO GARCIA 290G;SI;12;1;UNIDAD
9711;YOGUR GARCIA ENTERO 95G;SI;48;1;UNIDAD
9710;POSTRE GARCIA CHOC 100G;SI;48;1;UNIDAD
8014;POSTRE ARMONIA CHOC 100G;SI;48;1;UNIDAD
9107;YOGUR SER FIRME 120G;SI;48;1;UNIDAD
9966;YOGUR SER COLCHON FR Y CER 158G;SI;20;1;UNIDAD
9945;YOGUR SER C/CEREAL TROPICAL 155G;SI;20;1;UNIDAD
5048;POSTRE SERENITO COOKIES 116G;SI;20;1;UNIDAD
6580;YOGURISIMO DESLACTOS NAT SACHET 1L.;SI;17;1;UNIDAD
1156;YOGURISIMO LECHE CULTIVADA DESLACT 700G.;SI;22;1;UNIDAD
9701;YOPRO POTE 200G;SI;20;1;UNIDAD
9654;LECHE DE ALMENDRAS SILK VAI 190ML;SI;20;1;UNIDAD
9659;YOGURISIMO CREMIX FRUT POTE 95G;SI;48;1;UNIDAD
6031;YOGUR LS BATIDO DESCREMADO 120G;NO;48;1;UNIDAD
10002;LECHE DE ALMENDRAS SILK 190CC;SI;24;1;UNIDAD
9008;YOGURISIMO SACHET 220G;SI;68;1;UNIDAD
1219;CASANCREM INTENSO CIBOULETTE 200G;SI;12;1;UNIDAD
1220;CASANCREM S/INTENSO 200G;SI;12;1;UNIDAD
1221;CASANCREM INTENSO JAMON 200G;SI;12;1;UNIDAD
1393;YOGUR GRAN COMPRA ENT C/CEREAL 158G;SI;20;1;UNIDAD
9532;POSTRE DANETTE CAPUCHON CHOCOLINAS 116G;SI;20;1;UNIDAD
9533;POSTRE DANETTE CAPUCHON C/COOKIES 116G;SI;20;1;UNIDAD
5754;LECHE VITAL 1 X 375G;NO;0;1;UNIDAD
5756;LECHE VITAL 2 X 375G;NO;0;1;UNIDAD
5758;LECHE VITAL 3 X 375G;NO;0;1;UNIDAD
5766;LECHE LS CRECER X 800G;NO;12;1;UNIDAD
1375;POSTRE GRAN COMPRA VAIN 100G;NO;48;1;UNIDAD
9580;ACTIMEL 0% MULTIF 100G;SI;32;1;UNIDAD
9571;ACTIMEL 100G;SI;32;1;UNIDAD
6403;DANONINO BEBIBLE 100G;SI;35;1;UNIDAD
9660;YOGURISIMO DESCR. CREMIX 120G;SI;48;1;UNIDAD
6120;YOGURISIMO C/CONFITES ROCKLETS 164G;SI;20;1;UNIDAD
6005;YOGURISIMO DESCR. C/CEREALES 166G;SI;20;1;UNIDAD
6510;YOGURISIMO DESCREMADO VAIN SACHET 900G;SI;17;1;UNIDAD
5575;VIDACOL MULTIFRUTA 100G;SI;12;1;UNIDAD
5780;LECHE VITAL VITAMINA C 800G;NO;8;1;UNIDAD
6019;YOGURISIMO NATURAL C/AZUCAR 190G;SI;20;1;UNIDAD
9655;YOGURISIMO CREMIX 120G;SI;48;1;UNIDAD
9610;YOGURISIMO FIRME 120G;SI;48;1;UNIDAD
6007;YOGURISIMO FIRME ARTESANAL 140G;SI;20;1;UNIDAD
6013;YOGURISIMO FIRME FORTIF 190G;SI;20;1;UNIDAD
6509;YOGURISIMO BEBIBLE FORTIF SACHET 1L.;SI;17;1;UNIDAD
6581;YOGURISIMO BEBIBLE DESLACT NATURAL 1L.;SI;17;1;UNIDAD
9009;YOGURISIMO BEB AZUC SACHET 220CC;SI;68;1;UNIDAD
9666;YOGURISIMO BEBIBLE ENT TETRA BRICK 1L;SI;12;1;UNIDAD
1495;DANONINO BEBIBLE SACHET 900G;SI;17;1;UNIDAD
1394;YOGUR GRAN COMPRA DESCR. C/CEREAL 157G;SI;20;1;UNIDAD
6233;YOGUR SER FUSION NAR/DUR 500CC;SI;34;1;UNIDAD
6129;YOGURISIMO NATURAL C/CEREAL AZUC 166G;SI;20;1;UNIDAD
9642;LECHE DE COCO SILK S/AZUCAR 946ML;SI;6;1;UNIDAD
1496;DANONINO YOGUR 80,5G;SI;72;1;UNIDAD
1217;CASANCREM INTENSO 290G;SI;12;1;UNIDAD
1225;CASANCREM INTENSO 200G;SI;12;1;UNIDAD
1109;YOGUR SER FIRME VIT.B3 190G;SI;20;1;UNIDAD
6234;YOGUR SER FORTIF SACHET 1000G;SI;17;1;UNIDAD
6029;YOGURISIMO SELECC ESTILO GRIEGO 125G;SI;24;1;UNIDAD
1385;QUESO CREMA GRAN COMPRA 290G;NO;12;1;UNIDAD
9226;YOPRO POSTRE CHOCOLATE 120G;SI;20;1;UNIDAD
5790;LECHE VITAL INF 1 X 1K POUCH;NO;12;1;UNIDAD
5791;LECHE VITAL INF 2 1K POUCH;SI;12;1;UNIDAD
5777;L.NUTRILON PROF 1 X 1,2K POUCH;NO;10;1;UNIDAD
5778;L.NUTRILON PROF 2 X 1,2K POUCH;NO;12;1;UNIDAD
5779;L.NUTRILON PROF 3 X 1,2K POUCH;NO;12;1;UNIDAD
5784;L.NUTRILON PROF 4 X 1,2K POUCH;NO;12;1;UNIDAD
6911;YOGURISIMO FIRME 480G;SI;12;1;UNIDAD
6958;YOGURISIMO CREMIX 480G;SI;12;1;UNIDAD
1497;DANONINO YOGUR C/VIT LIBRE DE GLUTEN 80G;NO;72;1;UNIDAD
308;COMBO CASANCREM LIGHT+CIBOULL+TUPPER;NO;1;1;UNIDAD
298;TUPPER CASANCREM;NO;10;1;UNIDAD
299;LUNCHERA;NO;10;1;UNIDAD
9643;LECHE DE AVENA SILK 945ML;NO;6;1;UNIDAD
297;TUPPER YOGURISIMO;NO;10;1;UNIDAD
5317;POSTRE DANETTE 95G;SI;72;1;UNIDAD
309;PROMO:3 DANONINO+LUNCHERA;NO;72;1;UNIDAD
6432;DANONINO BEB FORT BOTELLA 185G;SI;35;1;UNIDAD
5043;POSTRE SERENITO COMB 120G VAI/DCE;SI;20;1;UNIDAD
5336;YOGURISIMO READY BEB BOT 185G;NO;35;1;UNIDAD
9157;FLAN SER VAIN POTE 95G;SI;48;1;UNIDAD
9644;LECHE DE SOJA SILK S/AZUCAR 946ML.;NO;6;1;UNIDAD
9645;LECHE DE ALMENDRAS SILK 1L.;NO;6;1;UNIDAD
1231;CASANCREM 290G;SI;12;1;UNIDAD
1232;CASANCREM LIGHT 290G;SI;12;1;UNIDAD
1242;CASANCREM INTENSO 290G;NO;12;1;UNIDAD
1246;CASANCREM INTENSO 200G;NO;12;1;UNIDAD
1136;CASANCREM 480G;SI;12;1;UNIDAD
9991;CINDOR MID 1L.;SI;12;1;UNIDAD
9198;CINDOR 250CC;NO;24;1;UNIDAD
5318;FLAN DANETTE C/CARAM 95G;SI;48;1;UNIDAD
5042;POSTRE SERENITO WAU 100G;SI;48;1;UNIDAD
5044;POSTRE SERENITO VAI 120G;SI;20;1;UNIDAD
5041;POSTRE SERENITO C/ROCKLETS 120G;SI;20;1;UNIDAD
5040;POSTRE SERENITO CHOCOBOMBAS 118G;SI;20;1;UNIDAD
5045;GELATINA SERENITO 105G;SI;48;1;UNIDAD
1362;YOGUR GRAN COMPRA ENT SACHET 900G;NO;17;1;UNIDAD
6036;YOGUR LS CLASICO FIRME 190G;NO;20;1;UNIDAD
6038;YOGUR LS CLASICO ENT C/CEREAL 159G;NO;20;1;UNIDAD
6037;YOGUR LS CLASICO DESCR C/CEREAL 157G;SI;20;1;UNIDAD
6034;YOGUR LS CLASICO ENT SACHET 900G;SI;17;1;UNIDAD
6033;YOGUR LS CLASICO DESCR SACHET 900G;NO;17;1;UNIDAD
5049;FLAN SERENITO VAINILLA 100G;SI;48;1;UNIDAD
1361;YOGUR GRAN COMPRA BATIDO 120G;NO;48;1;UNIDAD
90526;YOGUR LS BATIDO 120G;SI;48;1;UNIDAD
6032;YOGUR LS BATIDO 120G;NO;48;1;UNIDAD
6035;YOGUR LS FIRME 120G;NO;48;1;UNIDAD
6514;YOGURISIMO BEBIBLE FORTIF SACHET 1L.;SI;17;1;UNIDAD
6021;YOGURISIMO FIRME PREFOR FORTIF 190G;SI;20;1;UNIDAD
6025;YOGURISIMO FIRME 120G;SI;48;1;UNIDAD
6123;YOGURISIMO C/ROCKLETS 164G;NO;20;1;UNIDAD
6124;YOGURISIMO C/CEREALES AZUC 166G;NO;20;1;UNIDAD
9686;YOGURISIMO CREMIX 120G;SI;48;1;UNIDAD
9342;YOGUR SER C/CEREALES KORN FL 166G;NO;20;1;UNIDAD
6027;YOGURISIMO BEB SACHET 220G;SI;68;1;UNIDAD
9343;YOGUR SER CALCI+ BATIDO 120G;SI;48;1;UNIDAD
9344;YOGUR SER BATIDO C/FRUTAS 140G;NO;48;1;UNIDAD
9345;YOGUR SER FIRME FORTIF 190G;NO;20;1;UNIDAD
9346;YOGUR SER C/PROBIOT S/AZ 1000G;SI;17;1;UNIDAD
6028;YOGURISIMO NATURAL C/AZUCAR 190G;NO;20;1;UNIDAD
1498;DANONINO BEBIBLE SACHET 900G;NO;17;1;UNIDAD
9340;YOGUR SER NATURAL C/AZUCAR 177G;SI;20;1;UNIDAD
9341;YOGUR SER C/CEREAL BERRIES 155G;NO;20;1;UNIDAD
1243;CASANCREM INTENSO CIBOULETTE 200G;NO;12;1;UNIDAD
1244;CASANCREM INTENSO JAMON 200G;NO;12;1;UNIDAD
1249;CASANCREM LIGERO 200G;SI;20;1;UNIDAD
6051;DANONINO BEBIBLE BOT 185G;SI;35;1;UNIDAD
9337;YOGUR SER BATIDO C/FRUTAS 175G;SI;20;1;UNIDAD
9335;YOGUR SER BOTELLITA MULTIFR 190G;NO;35;1;UNIDAD
9338;YOGUR SER NATUR BATIDO 140G;SI;20;1;UNIDAD
9339;YOGUR SER NATUR BATIDO C/FRUTAS 140G;NO;20;1;UNIDAD
9347;YOGUR SER NATUR 300G;NO;12;1;UNIDAD
9160;GELATINA SER 105G;SI;48;1;UNIDAD
6040;YOGURISIMO BATIDO KIDS 120G;SI;48;1;UNIDAD
6080;YOGURISIMO BIG POT NATURAL 300G;NO;12;1;UNIDAD
6039;YOGURISIMO ESTILO GRIEGO 120G;NO;24;1;UNIDAD
9667;YOGURISIMO BEB TETRABRICK 1L.;SI;12;1;UNIDAD
9331;YOGUR SER FUSION C/COLCHON FRUT CHIA 160G;SI;20;1;UNIDAD
6044;YOGUR LS CLASICO C/FRUTAS 140G;NO;20;1;UNIDAD
9576;ACTIMEL 0% 100G;NO;32;1;UNIDAD
9575;ACTIMEL 100G;NO;32;1;UNIDAD
9228;ACTIVIA BEBIBLE 185G;NO;35;1;UNIDAD
9227;ACTIVIA POTE 130G;SI;48;1;UNIDAD
9221;ACTIVIA BEBIBLE SACHET 1000G;NO;17;1;UNIDAD
5319;POSTRE DANETTE CHOC 95G;SI;72;1;UNIDAD
6433;LECHE CHOCOLATADA DANONINO 200ML;NO;24;1;UNIDAD
9646;UNTABLE SILK CASTANAS CAJU ORIGINAL 200G;SI;12;1;UNIDAD
9647;UNTABLE SILK CASTANAS CAJU CIBOULETTE 200G;SI;12;1;UNIDAD
5789;LECHE VITAL FIBRA PLUS 775G;NO;12;1;UNIDAD
1241;CASANCREM INTENSO LIGHT 290G;NO;12;1;UNIDAD
9653;LECHE DE COCO SILK 946ML;NO;6;1;UNIDAD
1223;QUESO BLANCO GARCIA 290G;NO;12;1;UNIDAD
6045;YOGUR GARCIA DESCR SACHET 900G;SI;17;1;UNIDAD
6046;YOGUR GARCIA DESCR 140G;SI;20;1;UNIDAD
1245;CASANCREM INTENSO LIGHT 200G;NO;12;1;UNIDAD
9156;POSTRE SER MOUSSE 70G;NO;20;1;UNIDAD
9348;YOGUR SER CALCI+ 1K. FRUTILLA;SI;17;1;UNIDAD
9534;MOUSSE DANETTE 80G;NO;20;1;UNIDAD
6047;QUESO GARCIA UNTABLE 290G;NO;12;1;UNIDAD
9161;CHOCOLATADA SERENITO 200ML;NO;24;1;UNIDAD
9402;LECHE VITAL 3 X 800G LATA;NO;12;1;UNIDAD
9403;LECHE VITAL 2 LATA X 800G;NO;12;1;UNIDAD
9401;LECHE VITAL 4 C/NUTRIPLUS LATA X 800G;NO;12;1;UNIDAD
9535;POSTRE DANETTE COPA C/VIT LIBRE GLUTEN 100G;NO;20;1;UNIDAD
9351;YOGUR SER C/PROBIOT 1000G;NO;17;1;UNIDAD
9352;YOGUR SER CALCI+ 1000G FRUTILLA;NO;17;1;UNIDAD
6049;YOGURISIMO FIRME C/PROBIOT Y VIT 120G;NO;48;1;UNIDAD
6026;YOGURISIMO FIRME C/PROBIOT Y VIT 190G;NO;20;1;UNIDAD
6048;YOGUR LS CLASICO DESCR C/VIT, AC.FOLICO S/TACC 900G;NO;17;1;UNIDAD
9502;LECHE VITAL 3 X 1K POUCH;NO;12;1;UNIDAD
9361;VIDACOL DESCR C/FITOEST S/TACC MULT 400G;NO;48;1;UNIDAD
6064;CASANCREM C/VIT 290G;NO;12;1;UNIDAD
6065;CASANCREM LIGHT C/VIT 290G;NO;12;1;UNIDAD
9173;POSTRE DANETTE C/VIT, AC.FOLICO S/TACC 95G;NO;72;1;UNIDAD
9174;FLAN DANETTE VAIN C/VIT, AC.FOLICO S/TACC 95G;NO;48;1;UNIDAD
9537;YOGUR SER FIRME C/VIT, AC.FOLICO S/TACC 190G;SI;20;1;UNIDAD
9350;YOGUR SER CALCI+ C/VIT, AC.FOLICO 120G;NO;48;1;UNIDAD
9166;POSTRE SERENITO VAI/DCE C/VIT, AC.FOLICO S/TACC 120G;NO;20;1;UNIDAD
9167;POSTRE SERENITO VAI C/VIT, AC.FOLICO S/TACC 120G;NO;20;1;UNIDAD
9172;POSTRE SERENITO CHOCOBOMBAS VIT, AC.FOLICO 118G;NO;20;1;UNIDAD
6522;YOGURISIMO C/CEREAL AZUC C/PROBIOT Y VIT 166G;NO;20;1;UNIDAD
6520;YOGURISIMO BEB C/PROBIOT Y VIT 1000G;NO;17;1;UNIDAD
1363;POSTRE GRAN COMPRA C/VIT, AC.FOLICO S/TACC 100G;NO;48;1;UNIDAD
6052;YOGUR LS CLASICO C/ARITOS FRUT C/VIT 159G;NO;20;1;UNIDAD
6055;YOGUR LS CLASICO ENDULZ C/VIT S/TACC 900G;NO;17;1;UNIDAD
6066;QUESO CREMA LS CLASICO 290G;NO;12;1;UNIDAD
6067;QUESO CREMA LIGHT LS CLASICO 290G;NO;12;1;UNIDAD
9165;POSTRE SERENITO ROCKLETS C/VIT, AC.FOLICO 120G;NO;20;1;UNIDAD
9357;YOGUR SER FIRME PROBIOT ZINC 190G;NO;20;1;UNIDAD
9360;VIDACOL DESCR C/FITOEST S/TACC  MULTIF 100G;NO;12;1;UNIDAD
6070;CASANCREM C/VIT 480G;NO;12;1;UNIDAD
6071;CASANCREM LIGHT C/VIT 480G;NO;12;1;UNIDAD
9197;CINDOR PARC DESCR FORTIF 200CC;NO;24;1;UNIDAD
1500;DANONINO BEB PARC DESCR C/VIT 185G;NO;35;1;UNIDAD
9356;YOGUR SER BEB C/PROBIOT S/LACT FORT 190G;NO;35;1;UNIDAD
9358;YOGUR SER BATIDO C/FRUTAS C/PROBIOT FORT 175G;NO;20;1;UNIDAD
9168;POSTRE SERENITO C/VIT AC.FOL S/TACC 100G;NO;48;1;UNIDAD
6518;YOGURISIMO CREMIX VIT.B9 Y ZINC 120G;NO;48;1;UNIDAD
6521;YOGURISIMO BEB VIT.B9+ZINC TETRA 1L.;NO;12;1;UNIDAD
9164;FLAN SERENITO C/VIT Y AC.FOLICO VAIN 100G;NO;48;1;UNIDAD
9359;YOGUR SER NATURAL C/PROBIOT VIT B3 175G;NO;20;1;UNIDAD
9664;YOGURISIMO READY BEB BOT C/PROB VIT 185G;NO;35;1;UNIDAD
6053;YOGUR LSC BATIDO DESCR.C/PROBIOT 120G;NO;48;1;UNIDAD
6054;YOGUR LSC BATIDO C/PROBIOT 120G;NO;48;1;UNIDAD
6056;YOGUR LSC DESCR C/CEREAL C/PROBIOT 157G;NO;20;1;UNIDAD
6059;YOGUR LSC FIRME C/PROBIOT 120G;NO;48;1;UNIDAD
9355;YOGUR SER FUSION C/FRUTA Y CHIA C/VIT 175G;NO;20;1;UNIDAD
9162;FLAN SER VAIN C/VIT Y AC.FOLICO 95G;NO;48;1;UNIDAD
6060;YOGUR LSC ENT FIRME C/VIT.B12 190G;NO;20;1;UNIDAD
9163;POSTRE SER C/VIT Y AC.FOLICO 100G;NO;48;1;UNIDAD
9992;CINDOR 1L.;NO;12;1;UNIDAD
6061;YOGUR LSC DESC FIRME C/VIT B12 190G;NO;20;1;UNIDAD
9500;LECHE VITAL INF 2 1K POUCH;NO;12;1;UNIDAD
9362;YOGUR SER NATUR S/LACT.C/MIEL BOT FRUT 190G;NO;35;1;UNIDAD
9368;YOGUR SER C/CEREALES PROB/VIT.B3 166G;NO;20;1;UNIDAD
9663;LECHE DE COCO SILK 1L.;NO;6;1;UNIDAD
6074;CASANCREM C/VIT, AC.FOL S/TACC 290G;NO;12;1;UNIDAD
6075;CASANCREM LIGHT C/VIT, AC.FOL. S/TACC 290G;NO;12;1;UNIDAD
9364;YOGUR SER FIRME C/VIT.ZINC, AC FOL 190G;NO;20;1;UNIDAD
9179;POSTRE LS CLASICO COMBINADO 120G;NO;20;1;UNIDAD
9365;YOGUR SER C/COLAG SACHET 1000G;NO;17;1;UNIDAD
