"Fecha","Tipo","Punto de Venta","Número Desde","Número Hasta","Cód. Autorización","Tipo Doc. Emisor","Nro. Doc. Emisor","Denominación Emisor","Tipo Cambio","Moneda","Imp. Neto Gravado","Imp. Neto No Gravado","Imp. Op. Exentas","IVA","Imp. Total"
"01/03/2019","1 - Factura A","10","2107298","","69101896948995","CUIT","30690783521","INTERBANKING SA","1","$","3605","0","0","757.05","4362.05"
"01/03/2019","3 - Nota de Crédito A","6186","7884","","29081388599154","CUIT","30547242331","MASTELLONE HNOS S A","1","$","498.18","0","0","104.62","617.75"
"01/03/2019","3 - Nota de Crédito A","6186","7888","","29081388599154","CUIT","30547242331","MASTELLONE HNOS S A","1","$","12016.34","0","0","2523.43","14900.26"
"01/03/2019","3 - Nota de Crédito A","6186","7881","","29081388599154","CUIT","30547242331","MASTELLONE HNOS S A","1","$","19622.77","0","0","4120.78","24332.23"
"01/03/2019","3 - Nota de Crédito A","6186","7882","","29081388599154","CUIT","30547242331","MASTELLONE HNOS S A","1","$","1876.4","0","0","394.04","2326.73"
"01/03/2019","3 - Nota de Crédito A","6186","7885","","29081388599154","CUIT","30547242331","MASTELLONE HNOS S A","1","$","12801.59","0","0","2688.33","15873.97"
"01/03/2019","3 - Nota de Crédito A","6186","7880","","29081388599154","CUIT","30547242331","MASTELLONE HNOS S A","1","$","19905.2","0","0","4180.09","24682.45"
"01/03/2019","3 - Nota de Crédito A","6186","7886","","29081388599154","CUIT","30547242331","MASTELLONE HNOS S A","1","$","14073","0","0","2955.33","17450.52"
"01/03/2019","3 - Nota de Crédito A","6186","7879","","29081388599154","CUIT","30547242331","MASTELLONE HNOS S A","1","$","15334.33","0","0","3220.21","19014.57"
"01/03/2019","3 - Nota de Crédito A","6186","7887","","29081388599154","CUIT","30547242331","MASTELLONE HNOS S A","1","$","4831.6","0","0","1014.64","5991.19"
"01/03/2019","3 - Nota de Crédito A","6140","1418","","29081388599154","CUIT","30547242331","MASTELLONE HNOS S A","1","$","31732.52","0","0","6663.83","39506.99"
"01/03/2019","3 - Nota de Crédito A","6186","7883","","29081388599154","CUIT","30547242331","MASTELLONE HNOS S A","1","$","37380.77","0","0","7849.96","46352.15"
"01/03/2019","3 - Nota de Crédito A","6066","5319","","29082051601600","CUIT","30501116242","DANONE ARGENTINA SOCIEDAD ANONIMA","1","$","5018.7","0","0","1053.93","6223.19"
"01/03/2019","3 - Nota de Crédito A","6068","1421","","29082051601600","CUIT","30501116242","DANONE ARGENTINA SOCIEDAD ANONIMA","1","$","82736.65","0","0","17374.7","103007.13"
"01/03/2019","3 - Nota de Crédito A","6066","5315","","29082051601600","CUIT","30501116242","DANONE ARGENTINA SOCIEDAD ANONIMA","1","$","76613.91","0","0","16088.92","95001.25"
"01/03/2019","3 - Nota de Crédito A","6066","5317","","29082051601600","CUIT","30501116242","DANONE ARGENTINA SOCIEDAD ANONIMA","1","$","53997.84","0","0","11339.55","66957.33"
"01/03/2019","3 - Nota de Crédito A","6066","5316","","29082051601600","CUIT","30501116242","DANONE ARGENTINA SOCIEDAD ANONIMA","1","$","64668.38","0","0","13580.36","80188.79"
"01/03/2019","3 - Nota de Crédito A","6066","5314","","29082051601600","CUIT","30501116242","DANONE ARGENTINA SOCIEDAD ANONIMA","1","$","54688.5","0","0","11484.59","67813.75"
"01/03/2019","3 - Nota de Crédito A","6066","5318","","29082051601600","CUIT","30501116242","DANONE ARGENTINA SOCIEDAD ANONIMA","1","$","26148.79","0","0","5491.25","32424.5"
"01/03/2019","3 - Nota de Crédito A","911","223280","","29084685278015","CUIT","30501835354","ESTABLECIMIENTO LAS MARIAS S A C I F A","1","$","18632.27","0","0","3912.78","23104.02"
"01/03/2019","3 - Nota de Crédito A","911","223019","","29084685278015","CUIT","30501835354","ESTABLECIMIENTO LAS MARIAS S A C I F A","1","$","26057.42","0","0","5472.06","32311.2"
"01/03/2019","1 - Factura A","9","106","","69095787282792","CUIT","20166432015","CAMPITELLI ALEJANDRO DANIEL","1","$","1793.4","0","0","376.61","2170.01"
"01/03/2019","2 - Nota de Débito A","1405","3469","","69105856176142","CUIT","30639453975","TELEFONICA DE ARGENTINA SA","1","$","44.38","0","0","9.32","53.7"
"01/03/2019","1 - Factura A","31","18077","","69097769312877","CUIT","30672901967","LAS GRUTAS S A","1","$","157.02","0","0","32.98","190"
"01/03/2019","1 - Factura A","9","33652","","69097793445765","CUIT","30700238357","ELCOR S.A","1","$","55056.68","0","0","11561.9","66618.58"
"01/03/2019","3 - Nota de Crédito A","214","26741","","69098768171966","CUIT","30503348728","FRIGORIFICO PALADINI  S.A.","1","$","278.17","","","58.42","344.94"
"01/03/2019","1 - Factura A","214","111425","","69098791424049","CUIT","30503348728","FRIGORIFICO PALADINI  S.A.","1","$","2494.85","","","523.92","3118.57"
"01/03/2019","1 - Factura A","3","9038","","69099772536854","CUIT","20123828349","ZURMAN RICARDO WALTER","1","$","243.8","0","0","51.2","295"
"02/03/2019","3 - Nota de Crédito A","6140","1419","","29081388599154","CUIT","30547242331","MASTELLONE HNOS S A","1","$","20740.32","0","0","4355.47","25821.7"
"02/03/2019","3 - Nota de Crédito A","6186","7890","","29081388599154","CUIT","30547242331","MASTELLONE HNOS S A","1","$","9519.33","0","0","1999.06","11803.97"
"02/03/2019","3 - Nota de Crédito A","6186","7891","","29081388599154","CUIT","30547242331","MASTELLONE HNOS S A","1","$","28804.8","0","0","6049.01","35717.95"
"02/03/2019","2 - Nota de Débito A","6186","927","","29081388599154","CUIT","30547242331","MASTELLONE HNOS S A","1","$","457.46","0","0","96.07","567.25"
"02/03/2019","3 - Nota de Crédito A","6186","7895","","29081388599154","CUIT","30547242331","MASTELLONE HNOS S A","1","$","16633.9","0","0","3493.12","20626.04"
"02/03/2019","3 - Nota de Crédito A","6186","7893","","29081388599154","CUIT","30547242331","MASTELLONE HNOS S A","1","$","19942.11","0","0","4187.84","24728.21"
"02/03/2019","3 - Nota de Crédito A","6186","7892","","29081388599154","CUIT","30547242331","MASTELLONE HNOS S A","1","$","7733.69","0","0","1624.07","9589.77"
"02/03/2019","3 - Nota de Crédito A","6140","1420","","29081388599154","CUIT","30547242331","MASTELLONE HNOS S A","1","$","50309.87","0","0","10565.07","62635.79"
"02/03/2019","3 - Nota de Crédito A","6186","7894","","29081388599154","CUIT","30547242331","MASTELLONE HNOS S A","1","$","13081.1","0","0","2747.03","16220.56"
"02/03/2019","3 - Nota de Crédito A","6186","7889","","29081388599154","CUIT","30547242331","MASTELLONE HNOS S A","1","$","17175.75","0","0","3606.91","21297.93"
"02/03/2019","3 - Nota de Crédito A","6066","5322","","29082051601600","CUIT","30501116242","DANONE ARGENTINA SOCIEDAD ANONIMA","1","$","25797.12","0","0","5417.4","31988.43"
"02/03/2019","3 - Nota de Crédito A","6066","5324","","29082051601600","CUIT","30501116242","DANONE ARGENTINA SOCIEDAD ANONIMA","1","$","62184.26","0","0","13058.69","77108.48"
"02/03/2019","2 - Nota de Débito A","6066","945","","29082051601600","CUIT","30501116242","DANONE ARGENTINA SOCIEDAD ANONIMA","1","$","403.99","0","0","84.84","500.95"
"02/03/2019","3 - Nota de Crédito A","6066","5321","","29082051601600","CUIT","30501116242","DANONE ARGENTINA SOCIEDAD ANONIMA","1","$","52210.99","0","0","10964.31","64741.63"
"02/03/2019","3 - Nota de Crédito A","6068","1422","","29082051601600","CUIT","30501116242","DANONE ARGENTINA SOCIEDAD ANONIMA","1","$","62472.5","0","0","13119.23","77778.27"
"02/03/2019","3 - Nota de Crédito A","6068","1423","","29082051601600","CUIT","30501116242","DANONE ARGENTINA SOCIEDAD ANONIMA","1","$","39238.89","0","0","8240.17","48852.42"
"02/03/2019","3 - Nota de Crédito A","6066","5323","","29082051601600","CUIT","30501116242","DANONE ARGENTINA SOCIEDAD ANONIMA","1","$","13896.99","0","0","2918.37","17232.27"
"02/03/2019","3 - Nota de Crédito A","6066","5320","","29082051601600","CUIT","30501116242","DANONE ARGENTINA SOCIEDAD ANONIMA","1","$","44258.09","0","0","9294.2","54880.03"
"02/03/2019","1 - Factura A","214","111492","","69098804810348","CUIT","30503348728","FRIGORIFICO PALADINI  S.A.","1","$","326767.26","","","68621.15","405191.43"
"02/03/2019","1 - Factura A","214","111477","","69098804258406","CUIT","30503348728","FRIGORIFICO PALADINI  S.A.","1","$","149041.8","","","31298.79","186302.26"
"02/03/2019","1 - Factura A","3","215","","69099804582097","CUIT","23124825229","LEONE HORACIO RAFAEL","1","$","5542.7","0","0","1163.96","6706.66"
"04/03/2019","1 - Factura A","4","651","","69093823062767","CUIT","20229790723","MARTINEZ JORGE MARCELO","1","$","19834.71","0","0","4165.29","24000"
"04/03/2019","1 - Factura A","30","2671","","69097825222718","CUIT","30672901967","LAS GRUTAS S A","1","$","157.02","0","0","32.98","190"
"05/03/2019","1 - Factura A","6156","2398069","","29081388599154","CUIT","30547242331","MASTELLONE HNOS S A","1","$","514611.23","0","0","108068.36","638117.93"
"05/03/2019","3 - Nota de Crédito A","6140","1421","","29081388599154","CUIT","30547242331","MASTELLONE HNOS S A","1","$","10852.06","0","0","2278.93","13510.81"
"05/03/2019","1 - Factura A","6156","2396449","","29081388599154","CUIT","30547242331","MASTELLONE HNOS S A","1","$","310323.18","0","0","65167.87","384800.75"
"05/03/2019","2 - Nota de Débito A","6140","113","","29081388599154","CUIT","30547242331","MASTELLONE HNOS S A","1","$","383.34","0","0","80.5","477.26"
"05/03/2019","1 - Factura A","6004","1548400","","29082051601600","CUIT","30501116242","DANONE ARGENTINA SOCIEDAD ANONIMA","1","$","413529.12","0","0","86841.12","512776.11"
"05/03/2019","1 - Factura A","6004","1547581","","29082051601600","CUIT","30501116242","DANONE ARGENTINA SOCIEDAD ANONIMA","1","$","394486.74","0","0","82842.22","489163.56"
"05/03/2019","3 - Nota de Crédito A","6068","1424","","29082051601600","CUIT","30501116242","DANONE ARGENTINA SOCIEDAD ANONIMA","1","$","10078.66","0","0","2116.52","12547.93"
"05/03/2019","1 - Factura A","2","38","","69105833967350","CUIT","30711284415","FAMILE PATAGONICA SOCIEDAD ANONIMA","1","$","7000","0","0","1470","8470"
"05/03/2019","1 - Factura A","36","91874","","69106828750422","CUIT","30648060846","NOAL S A","1","$","263975.64","0","0","55434.88","319410.52"
"06/03/2019","1 - Factura A","1","649","","69101872801115","CUIT","30715866451","ORLANDO REPUESTOS E HIJOS SOCIEDAD SIMPLE","1","$","3123.97","0","0","656.03","3780"
"06/03/2019","3 - Nota de Crédito A","6186","7896","","29081388599154","CUIT","30547242331","MASTELLONE HNOS S A","1","$","5993.44","0","0","1258.62","7431.86"
"06/03/2019","3 - Nota de Crédito A","6186","7898","","29081388599154","CUIT","30547242331","MASTELLONE HNOS S A","1","$","11522.82","0","0","2419.79","14288.29"
"06/03/2019","3 - Nota de Crédito A","6186","7905","","29081388599154","CUIT","30547242331","MASTELLONE HNOS S A","1","$","6672.08","0","0","1401.14","8273.38"
"06/03/2019","3 - Nota de Crédito A","6156","1097917","","29081388599154","CUIT","30547242331","MASTELLONE HNOS S A","1","$","4175.89","0","0","876.94","5198.99"
"06/03/2019","3 - Nota de Crédito A","6186","7904","","29081388599154","CUIT","30547242331","MASTELLONE HNOS S A","1","$","19463.29","0","0","4087.29","24134.48"
"06/03/2019","3 - Nota de Crédito A","6156","1097918","","29081388599154","CUIT","30547242331","MASTELLONE HNOS S A","1","$","3900.52","0","0","819.11","4836.65"
"06/03/2019","3 - Nota de Crédito A","6186","7901","","29081388599154","CUIT","30547242331","MASTELLONE HNOS S A","1","$","295.67","0","0","62.09","366.63"
"06/03/2019","3 - Nota de Crédito A","6186","7902","","29081388599154","CUIT","30547242331","MASTELLONE HNOS S A","1","$","2947.36","0","0","618.95","3654.73"
"06/03/2019","3 - Nota de Crédito A","6156","1097912","","29081388599154","CUIT","30547242331","MASTELLONE HNOS S A","1","$","3197.34","0","0","671.44","3964.7"
"06/03/2019","3 - Nota de Crédito A","6186","7897","","29081388599154","CUIT","30547242331","MASTELLONE HNOS S A","1","$","7890.06","0","0","1656.91","9783.67"
"06/03/2019","3 - Nota de Crédito A","6186","7900","","29081388599154","CUIT","30547242331","MASTELLONE HNOS S A","1","$","2770.74","0","0","581.86","3435.72"
"06/03/2019","3 - Nota de Crédito A","6186","7906","","29081388599154","CUIT","30547242331","MASTELLONE HNOS S A","1","$","5821.66","0","0","1222.55","7218.86"
"06/03/2019","3 - Nota de Crédito A","6186","7899","","29081388599154","CUIT","30547242331","MASTELLONE HNOS S A","1","$","15741.2","0","0","3305.65","19519.09"
"06/03/2019","3 - Nota de Crédito A","6186","7903","","29081388599154","CUIT","30547242331","MASTELLONE HNOS S A","1","$","15011.2","0","0","3152.35","18613.89"
"06/03/2019","3 - Nota de Crédito A","6004","721408","","29082051601600","CUIT","30501116242","DANONE ARGENTINA SOCIEDAD ANONIMA","1","$","8575.47","0","0","1800.85","10633.58"
"06/03/2019","3 - Nota de Crédito A","6066","5329","","29082051601600","CUIT","30501116242","DANONE ARGENTINA SOCIEDAD ANONIMA","1","$","18886.05","0","0","3966.07","23418.7"
"06/03/2019","3 - Nota de Crédito A","6004","721418","","29082051601600","CUIT","30501116242","DANONE ARGENTINA SOCIEDAD ANONIMA","1","$","531.15","0","0","111.54","661.28"
"06/03/2019","3 - Nota de Crédito A","6066","5330","","29082051601600","CUIT","30501116242","DANONE ARGENTINA SOCIEDAD ANONIMA","1","$","3761.74","0","0","789.97","4664.56"
"06/03/2019","3 - Nota de Crédito A","6066","5325","","29082051601600","CUIT","30501116242","DANONE ARGENTINA SOCIEDAD ANONIMA","1","$","16614.73","0","0","3489.09","20602.26"
"06/03/2019","3 - Nota de Crédito A","6066","5328","","29082051601600","CUIT","30501116242","DANONE ARGENTINA SOCIEDAD ANONIMA","1","$","9191.9","0","0","1930.3","11397.96"
"06/03/2019","2 - Nota de Débito A","6066","946","","29082051601600","CUIT","30501116242","DANONE ARGENTINA SOCIEDAD ANONIMA","1","$","292.95","0","0","61.52","363.26"
"06/03/2019","3 - Nota de Crédito A","6066","5327","","29082051601600","CUIT","30501116242","DANONE ARGENTINA SOCIEDAD ANONIMA","1","$","8220.33","0","0","1726.27","10193.21"
"06/03/2019","3 - Nota de Crédito A","6066","5331","","29082051601600","CUIT","30501116242","DANONE ARGENTINA SOCIEDAD ANONIMA","1","$","14093.27","0","0","2959.59","17475.66"
"06/03/2019","3 - Nota de Crédito A","6004","721419","","29082051601600","CUIT","30501116242","DANONE ARGENTINA SOCIEDAD ANONIMA","1","$","678.17","0","0","142.42","840.94"
"06/03/2019","3 - Nota de Crédito A","6066","5326","","29082051601600","CUIT","30501116242","DANONE ARGENTINA SOCIEDAD ANONIMA","1","$","67958.25","0","0","14271.23","84268.23"
"06/03/2019","1 - Factura A","5","141289","","29092272374799","CUIT","30505150372","FRIGORIFICO EL BIERZO S A","1","$","10364.09","0","0","2176.46","12540.55"
"06/03/2019","1 - Factura A","5","141296","","29092272374799","CUIT","30505150372","FRIGORIFICO EL BIERZO S A","1","$","17393.78","0","0","3652.69","21046.47"
"06/03/2019","11 - Factura C","2","173","","69106871590478","CUIT","27352451946","OBORSKI MELISA ANDREA","1","$","","","","","1230"
"06/03/2019","1 - Factura A","31","18119","","69107874266792","CUIT","30672901967","LAS GRUTAS S A","1","$","157.02","0","0","32.98","190"
"06/03/2019","3 - Nota de Crédito A","214","26756","","69108859374612","CUIT","30503348728","FRIGORIFICO PALADINI  S.A.","1","$","1129","","","237.09","1366.09"
"06/03/2019","6 - Factura B","1","24294","","69109867385308","CUIT","33715359559","QUAGLIA S.R.L.","1","$","422.22","0","0","88.67","516"
"07/03/2019","1 - Factura A","2004","28539","","29081707849846","CUIT","30707013431","NUTRICIA BAGO SA","1","$","5437.04","0","0","1141.78","6578.82"
"07/03/2019","3 - Nota de Crédito A","6186","7908","","29081388599154","CUIT","30547242331","MASTELLONE HNOS S A","1","$","50243.2","0","0","10551.07","62301.57"
"07/03/2019","3 - Nota de Crédito A","6186","7911","","29081388599154","CUIT","30547242331","MASTELLONE HNOS S A","1","$","14704.12","0","0","3087.87","18233.11"
"07/03/2019","3 - Nota de Crédito A","6156","1098487","","29081388599154","CUIT","30547242331","MASTELLONE HNOS S A","1","$","70.03","0","0","14.71","86.84"
"07/03/2019","3 - Nota de Crédito A","6186","7909","","29081388599154","CUIT","30547242331","MASTELLONE HNOS S A","1","$","6032.19","0","0","1266.76","7479.92"
"07/03/2019","3 - Nota de Crédito A","6186","7910","","29081388599154","CUIT","30547242331","MASTELLONE HNOS S A","1","$","10826.57","0","0","2273.58","13424.95"
"07/03/2019","2 - Nota de Débito A","6186","928","","29081388599154","CUIT","30547242331","MASTELLONE HNOS S A","1","$","121.42","0","0","25.5","150.56"
"07/03/2019","1 - Factura A","6156","2403875","","29081388599154","CUIT","30547242331","MASTELLONE HNOS S A","1","$","408143.73","0","0","85710.18","506098.22"
"07/03/2019","1 - Factura A","6156","2403874","","29081388599154","CUIT","30547242331","MASTELLONE HNOS S A","1","$","443131.47","0","0","93057.61","551698.68"
"07/03/2019","2 - Nota de Débito A","6186","930","","29081388599154","CUIT","30547242331","MASTELLONE HNOS S A","1","$","460.93","0","0","96.8","571.56"
"07/03/2019","3 - Nota de Crédito A","6186","7912","","29081388599154","CUIT","30547242331","MASTELLONE HNOS S A","1","$","19546.53","0","0","4104.77","24237.7"
"07/03/2019","2 - Nota de Débito A","6186","929","","29081388599154","CUIT","30547242331","MASTELLONE HNOS S A","1","$","110.18","0","0","23.14","136.63"
"07/03/2019","3 - Nota de Crédito A","6140","1422","","29081388599154","CUIT","30547242331","MASTELLONE HNOS S A","1","$","28885.58","0","0","6065.97","35962.55"
"07/03/2019","3 - Nota de Crédito A","6186","7907","","29081388599154","CUIT","30547242331","MASTELLONE HNOS S A","1","$","24640.25","0","0","5174.45","30553.91"
"07/03/2019","3 - Nota de Crédito A","6140","1423","","29081388599154","CUIT","30547242331","MASTELLONE HNOS S A","1","$","27443.31","0","0","5763.1","34166.93"
"07/03/2019","3 - Nota de Crédito A","6004","721718","","29082051601600","CUIT","30501116242","DANONE ARGENTINA SOCIEDAD ANONIMA","1","$","200.95","0","0","42.2","249.18"
"07/03/2019","3 - Nota de Crédito A","6066","5332","","29082051601600","CUIT","30501116242","DANONE ARGENTINA SOCIEDAD ANONIMA","1","$","4765.44","0","0","1000.74","5909.14"
"07/03/2019","3 - Nota de Crédito A","6066","5333","","29082051601600","CUIT","30501116242","DANONE ARGENTINA SOCIEDAD ANONIMA","1","$","27542.73","0","0","5783.97","34152.98"
"07/03/2019","3 - Nota de Crédito A","6066","5336","","29082051601600","CUIT","30501116242","DANONE ARGENTINA SOCIEDAD ANONIMA","1","$","33781.72","0","0","7094.16","41889.33"
"07/03/2019","3 - Nota de Crédito A","6004","721720","","29082051601600","CUIT","30501116242","DANONE ARGENTINA SOCIEDAD ANONIMA","1","$","157.84","0","0","33.15","195.73"
"07/03/2019","1 - Factura A","6004","1551178","","29082051601600","CUIT","30501116242","DANONE ARGENTINA SOCIEDAD ANONIMA","1","$","422653.76","0","0","88757.29","526203.93"
"07/03/2019","3 - Nota de Crédito A","6068","1426","","29082051601600","CUIT","30501116242","DANONE ARGENTINA SOCIEDAD ANONIMA","1","$","38632.75","0","0","8112.88","48097.77"
"07/03/2019","3 - Nota de Crédito A","6066","5334","","29082051601600","CUIT","30501116242","DANONE ARGENTINA SOCIEDAD ANONIMA","1","$","29790.28","0","0","6255.96","36939.95"
"07/03/2019","3 - Nota de Crédito A","6004","721719","","29082051601600","CUIT","30501116242","DANONE ARGENTINA SOCIEDAD ANONIMA","1","$","170.04","0","0","35.71","210.85"
"07/03/2019","1 - Factura A","6004","1551179","","29082051601600","CUIT","30501116242","DANONE ARGENTINA SOCIEDAD ANONIMA","1","$","356674.72","0","0","74901.69","442276.65"
"07/03/2019","2 - Nota de Débito A","6066","949","","29082051601600","CUIT","30501116242","DANONE ARGENTINA SOCIEDAD ANONIMA","1","$","60.8","0","0","12.77","75.39"
"07/03/2019","2 - Nota de Débito A","6068","152","","29082051601600","CUIT","30501116242","DANONE ARGENTINA SOCIEDAD ANONIMA","1","$","494.78","0","0","103.9","615.99"
"07/03/2019","3 - Nota de Crédito A","6068","1425","","29082051601600","CUIT","30501116242","DANONE ARGENTINA SOCIEDAD ANONIMA","1","$","37737.98","0","0","7924.98","46983.79"
"07/03/2019","2 - Nota de Débito A","6066","948","","29082051601600","CUIT","30501116242","DANONE ARGENTINA SOCIEDAD ANONIMA","1","$","600.31","0","0","126.07","744.39"
"07/03/2019","2 - Nota de Débito A","6066","947","","29082051601600","CUIT","30501116242","DANONE ARGENTINA SOCIEDAD ANONIMA","1","$","453.44","0","0","95.22","562.26"
"07/03/2019","3 - Nota de Crédito A","6066","5335","","29082051601600","CUIT","30501116242","DANONE ARGENTINA SOCIEDAD ANONIMA","1","$","6565.1","0","0","1378.67","8140.72"
"07/03/2019","3 - Nota de Crédito A","5","58129","","29092272374799","CUIT","30505150372","FRIGORIFICO EL BIERZO S A","1","$","398.33","0","0","83.65","481.98"
"07/03/2019","3 - Nota de Crédito A","5","58115","","29092272374799","CUIT","30505150372","FRIGORIFICO EL BIERZO S A","1","$","601.65","0","0","126.35","728"
"07/03/2019","3 - Nota de Crédito A","5","58116","","29092272374799","CUIT","30505150372","FRIGORIFICO EL BIERZO S A","1","$","1006.18","0","0","211.3","1217.48"
"07/03/2019","1 - Factura A","214","111619","","69108890417665","CUIT","30503348728","FRIGORIFICO PALADINI  S.A.","1","$","33604.8","","","7057.01","41669.95"
"07/03/2019","1 - Factura A","7","43","","69100901486129","CUIT","20073984360","SERRA OSCAR ADOLFO","1","$","39090.91","0","0","8209.09","47300"
"08/03/2019","3 - Nota de Crédito A","6066","5340","","29082051601600","CUIT","30501116242","DANONE ARGENTINA SOCIEDAD ANONIMA","1","$","5803.34","0","0","1218.7","7196.14"
"08/03/2019","3 - Nota de Crédito A","6066","5341","","29082051601600","CUIT","30501116242","DANONE ARGENTINA SOCIEDAD ANONIMA","1","$","8455.12","0","0","1775.58","10484.35"
"08/03/2019","3 - Nota de Crédito A","6066","5337","","29082051601600","CUIT","30501116242","DANONE ARGENTINA SOCIEDAD ANONIMA","1","$","2927.75","0","0","614.83","3630.41"
"08/03/2019","3 - Nota de Crédito A","6068","1427","","29082051601600","CUIT","30501116242","DANONE ARGENTINA SOCIEDAD ANONIMA","1","$","65549.27","0","0","13765.35","81608.85"
"08/03/2019","1 - Factura A","9","33915","","69107942317166","CUIT","30700238357","ELCOR S.A","1","$","49089.45","0","0","10308.78","59398.23"
"08/03/2019","3 - Nota de Crédito A","6186","7913","","29081388599154","CUIT","30547242331","MASTELLONE HNOS S A","1","$","30085.72","0","0","6318","37306.29"
"08/03/2019","3 - Nota de Crédito A","6156","1099649","","29081388599154","CUIT","30547242331","MASTELLONE HNOS S A","1","$","23945.47","0","0","5028.55","29812.11"
"08/03/2019","2 - Nota de Débito A","6140","114","","29081388599154","CUIT","30547242331","MASTELLONE HNOS S A","1","$","642.24","0","0","134.87","799.59"
"08/03/2019","3 - Nota de Crédito A","6186","7918","","29081388599154","CUIT","30547242331","MASTELLONE HNOS S A","1","$","9541.19","0","0","2003.65","11831.08"
"08/03/2019","3 - Nota de Crédito A","6186","7914","","29081388599154","CUIT","30547242331","MASTELLONE HNOS S A","1","$","49381.03","0","0","10370.02","61232.48"
"08/03/2019","3 - Nota de Crédito A","6186","7917","","29081388599154","CUIT","30547242331","MASTELLONE HNOS S A","1","$","6074.1","0","0","1275.56","7531.88"
"08/03/2019","3 - Nota de Crédito A","6186","7919","","29081388599154","CUIT","30547242331","MASTELLONE HNOS S A","1","$","20127.7","0","0","4226.82","24958.35"
"08/03/2019","3 - Nota de Crédito A","6140","1424","","29081388599154","CUIT","30547242331","MASTELLONE HNOS S A","1","$","28487.16","0","0","5982.3","35466.51"
"08/03/2019","3 - Nota de Crédito A","6186","7915","","29081388599154","CUIT","30547242331","MASTELLONE HNOS S A","1","$","23847.01","0","0","5007.87","29570.29"
"08/03/2019","3 - Nota de Crédito A","6186","7916","","29081388599154","CUIT","30547242331","MASTELLONE HNOS S A","1","$","2477.15","0","0","520.2","3071.66"
"08/03/2019","3 - Nota de Crédito A","6156","1099810","","29081388599154","CUIT","30547242331","MASTELLONE HNOS S A","1","$","16832.72","0","0","3534.87","20872.57"
"08/03/2019","3 - Nota de Crédito A","6186","7920","","29081388599154","CUIT","30547242331","MASTELLONE HNOS S A","1","$","16370.93","0","0","3437.9","20299.96"
"08/03/2019","3 - Nota de Crédito A","6004","722509","","29082051601600","CUIT","30501116242","DANONE ARGENTINA SOCIEDAD ANONIMA","1","$","21815.52","0","0","4581.26","27051.25"
"08/03/2019","3 - Nota de Crédito A","6066","5342","","29082051601600","CUIT","30501116242","DANONE ARGENTINA SOCIEDAD ANONIMA","1","$","1902.46","0","0","399.52","2359.05"
"08/03/2019","3 - Nota de Crédito A","6066","5338","","29082051601600","CUIT","30501116242","DANONE ARGENTINA SOCIEDAD ANONIMA","1","$","60309.25","0","0","12664.94","74783.47"
"08/03/2019","3 - Nota de Crédito A","6066","5339","","29082051601600","CUIT","30501116242","DANONE ARGENTINA SOCIEDAD ANONIMA","1","$","38101.46","0","0","8001.31","47245.81"
"08/03/2019","3 - Nota de Crédito A","6066","5343","","29082051601600","CUIT","30501116242","DANONE ARGENTINA SOCIEDAD ANONIMA","1","$","2475.32","0","0","519.82","3069.4"
"08/03/2019","2 - Nota de Débito A","6068","153","","29082051601600","CUIT","30501116242","DANONE ARGENTINA SOCIEDAD ANONIMA","1","$","531.76","0","0","111.67","662.04"
"08/03/2019","2 - Nota de Débito A","6068","154","","29082051601600","CUIT","30501116242","DANONE ARGENTINA SOCIEDAD ANONIMA","1","$","19.06","0","0","4","23.73"
"09/03/2019","3 - Nota de Crédito A","6140","1425","","29081388599154","CUIT","30547242331","MASTELLONE HNOS S A","1","$","30190.56","0","0","6340.02","37587.25"
"09/03/2019","3 - Nota de Crédito A","6186","7922","","29081388599154","CUIT","30547242331","MASTELLONE HNOS S A","1","$","45305.92","0","0","9514.24","56179.34"
"09/03/2019","3 - Nota de Crédito A","6186","7924","","29081388599154","CUIT","30547242331","MASTELLONE HNOS S A","1","$","13859.9","0","0","2910.58","17186.28"
"09/03/2019","3 - Nota de Crédito A","6186","7925","","29081388599154","CUIT","30547242331","MASTELLONE HNOS S A","1","$","25193.76","0","0","5290.69","31240.26"
"09/03/2019","3 - Nota de Crédito A","6186","7926","","29081388599154","CUIT","30547242331","MASTELLONE HNOS S A","1","$","11729.57","0","0","2463.21","14544.67"
"09/03/2019","3 - Nota de Crédito A","6186","7923","","29081388599154","CUIT","30547242331","MASTELLONE HNOS S A","1","$","14528.42","0","0","3050.97","18015.24"
"09/03/2019","3 - Nota de Crédito A","6186","7921","","29081388599154","CUIT","30547242331","MASTELLONE HNOS S A","1","$","17171.32","0","0","3605.98","21292.44"
"09/03/2019","2 - Nota de Débito A","6140","115","","29081388599154","CUIT","30547242331","MASTELLONE HNOS S A","1","$","575.1","0","0","120.77","716"
"09/03/2019","3 - Nota de Crédito A","6066","5347","","29082051601600","CUIT","30501116242","DANONE ARGENTINA SOCIEDAD ANONIMA","1","$","2143.48","0","0","450.13","2657.91"
"09/03/2019","3 - Nota de Crédito A","6066","5350","","29082051601600","CUIT","30501116242","DANONE ARGENTINA SOCIEDAD ANONIMA","1","$","69805.18","0","0","14659.09","86558.43"
"09/03/2019","3 - Nota de Crédito A","6066","5346","","29082051601600","CUIT","30501116242","DANONE ARGENTINA SOCIEDAD ANONIMA","1","$","36720.7","0","0","7711.35","45533.67"
"09/03/2019","3 - Nota de Crédito A","6068","1428","","29082051601600","CUIT","30501116242","DANONE ARGENTINA SOCIEDAD ANONIMA","1","$","34112.83","0","0","7163.69","42470.46"
"09/03/2019","3 - Nota de Crédito A","6066","5348","","29082051601600","CUIT","30501116242","DANONE ARGENTINA SOCIEDAD ANONIMA","1","$","3400.76","0","0","714.16","4216.94"
"09/03/2019","3 - Nota de Crédito A","6066","5349","","29082051601600","CUIT","30501116242","DANONE ARGENTINA SOCIEDAD ANONIMA","1","$","2259.74","0","0","474.55","2802.08"
"09/03/2019","3 - Nota de Crédito A","6066","5344","","29082051601600","CUIT","30501116242","DANONE ARGENTINA SOCIEDAD ANONIMA","1","$","14217.49","0","0","2985.67","17629.68"
"09/03/2019","3 - Nota de Crédito A","6066","5345","","29082051601600","CUIT","30501116242","DANONE ARGENTINA SOCIEDAD ANONIMA","1","$","18591.84","0","0","3904.29","23053.89"
"09/03/2019","3 - Nota de Crédito A","6010","25208","","29082051601600","CUIT","30501116242","DANONE ARGENTINA SOCIEDAD ANONIMA","1","$","320700","0","0","67347","388047"
"09/03/2019","1 - Factura A","9","226581","","69105948391680","CUIT","30707702695","CARNES PORCINAS SELECCIONADAS  SA","1","$","85568.69","0","0","17969.42","103538.11"
"09/03/2019","1 - Factura A","214","111785","","69108955196132","CUIT","30503348728","FRIGORIFICO PALADINI  S.A.","1","$","403192.84","","","84670.52","499959.15"
"09/03/2019","1 - Factura A","214","111799","","69108955509217","CUIT","30503348728","FRIGORIFICO PALADINI  S.A.","1","$","364714.72","","","76590.08","455893.39"
"11/03/2019","1 - Factura A","2004","28592","","29081707849846","CUIT","30707013431","NUTRICIA BAGO SA","1","$","3944.04","0","0","828.25","4772.29"
"11/03/2019","1 - Factura A","6156","2410841","","29081388599154","CUIT","30547242331","MASTELLONE HNOS S A","1","$","406261.39","0","0","85314.89","503764.12"
"11/03/2019","1 - Factura A","6004","1555957","","29082051601600","CUIT","30501116242","DANONE ARGENTINA SOCIEDAD ANONIMA","1","$","260705.41","0","0","54748.14","323274.71"
"11/03/2019","1 - Factura A","5","141648","","29092272374799","CUIT","30505150372","FRIGORIFICO EL BIERZO S A","1","$","27389.62","0","0","5751.82","33141.44"
"11/03/2019","1 - Factura A","6","4233","","69103971865182","CUIT","20076505773","SCHWINDT ANGEL FRANCISCO","1","$","427.27","0","0","89.73","517"
"11/03/2019","1 - Factura A","1409","6974","","69115167235338","CUIT","30639453975","TELEFONICA DE ARGENTINA SA","1","$","0","0","0","0","0"
"11/03/2019","1 - Factura A","36","92103","","69106968626154","CUIT","30648060846","NOAL S A","1","$","317530.68","0","0","66681.44","384212.12"
"11/03/2019","3 - Nota de Crédito A","214","26807","","69108971682542","CUIT","30503348728","FRIGORIFICO PALADINI  S.A.","1","$","175199.3","","","36731.21","217170.16"
"12/03/2019","3 - Nota de Crédito A","6140","1427","","29081388599154","CUIT","30547242331","MASTELLONE HNOS S A","1","$","27780.57","0","0","5833.92","34586.81"
"12/03/2019","2 - Nota de Débito A","6186","933","","29081388599154","CUIT","30547242331","MASTELLONE HNOS S A","1","$","221.98","0","0","46.62","275.26"
"12/03/2019","3 - Nota de Crédito A","6186","7930","","29081388599154","CUIT","30547242331","MASTELLONE HNOS S A","1","$","2572.4","0","0","540.2","3189.77"
"12/03/2019","3 - Nota de Crédito A","6186","7931","","29081388599154","CUIT","30547242331","MASTELLONE HNOS S A","1","$","2996.69","0","0","629.3","3715.89"
"12/03/2019","3 - Nota de Crédito A","6186","7933","","29081388599154","CUIT","30547242331","MASTELLONE HNOS S A","1","$","1423.07","0","0","298.84","1764.6"
"12/03/2019","3 - Nota de Crédito A","6140","1426","","29081388599154","CUIT","30547242331","MASTELLONE HNOS S A","1","$","17681.05","0","0","3713.02","22012.91"
"12/03/2019","3 - Nota de Crédito A","6156","1102296","","29081388599154","CUIT","30547242331","MASTELLONE HNOS S A","1","$","96.97","0","0","20.36","120.24"
"12/03/2019","2 - Nota de Débito A","6186","931","","29081388599154","CUIT","30547242331","MASTELLONE HNOS S A","1","$","207.33","0","0","43.54","257.09"
"12/03/2019","3 - Nota de Crédito A","6186","7928","","29081388599154","CUIT","30547242331","MASTELLONE HNOS S A","1","$","35839.22","0","0","7526.24","44440.64"
"12/03/2019","3 - Nota de Crédito A","6186","7934","","29081388599154","CUIT","30547242331","MASTELLONE HNOS S A","1","$","31890.97","0","0","6697.1","39544.8"
"12/03/2019","2 - Nota de Débito A","6186","932","","29081388599154","CUIT","30547242331","MASTELLONE HNOS S A","1","$","117.27","0","0","24.63","145.42"
"12/03/2019","3 - Nota de Crédito A","6186","7929","","29081388599154","CUIT","30547242331","MASTELLONE HNOS S A","1","$","4172.27","0","0","876.18","5173.62"
"12/03/2019","3 - Nota de Crédito A","6186","7927","","29081388599154","CUIT","30547242331","MASTELLONE HNOS S A","1","$","16010.29","0","0","3362.16","19852.76"
"12/03/2019","3 - Nota de Crédito A","6186","7932","","29081388599154","CUIT","30547242331","MASTELLONE HNOS S A","1","$","11966.99","0","0","2513.07","14839.07"
"12/03/2019","1 - Factura A","6156","2413905","","29081388599154","CUIT","30547242331","MASTELLONE HNOS S A","1","$","399858.89","0","0","83970.37","495825.03"
"12/03/2019","3 - Nota de Crédito A","6156","1102293","","29081388599154","CUIT","30547242331","MASTELLONE HNOS S A","1","$","144.55","0","0","30.36","179.25"
"12/03/2019","3 - Nota de Crédito A","6156","1102287","","29081388599154","CUIT","30547242331","MASTELLONE HNOS S A","1","$","974.06","0","0","204.55","1212.7"
"12/03/2019","3 - Nota de Crédito A","6156","1102259","","29081388599154","CUIT","30547242331","MASTELLONE HNOS S A","1","$","304.66","0","0","63.98","377.78"
"12/03/2019","2 - Nota de Débito A","6068","155","","29082051601600","CUIT","30501116242","DANONE ARGENTINA SOCIEDAD ANONIMA","1","$","569.39","0","0","119.57","708.89"
"12/03/2019","3 - Nota de Crédito A","6066","5352","","29082051601600","CUIT","30501116242","DANONE ARGENTINA SOCIEDAD ANONIMA","1","$","74001.27","0","0","15540.27","91761.58"
"12/03/2019","3 - Nota de Crédito A","6004","723921","","29082051601600","CUIT","30501116242","DANONE ARGENTINA SOCIEDAD ANONIMA","1","$","451.87","0","0","94.89","560.32"
"12/03/2019","3 - Nota de Crédito A","6066","5355","","29082051601600","CUIT","30501116242","DANONE ARGENTINA SOCIEDAD ANONIMA","1","$","16088.07","0","0","3378.49","19949.2"
"12/03/2019","3 - Nota de Crédito A","6066","5354","","29082051601600","CUIT","30501116242","DANONE ARGENTINA SOCIEDAD ANONIMA","1","$","4229.73","0","0","888.24","5244.86"
"12/03/2019","1 - Factura A","6004","1557502","","29082051601600","CUIT","30501116242","DANONE ARGENTINA SOCIEDAD ANONIMA","1","$","280885.56","0","0","58985.97","348298.1"
"12/03/2019","3 - Nota de Crédito A","6004","723915","","29082051601600","CUIT","30501116242","DANONE ARGENTINA SOCIEDAD ANONIMA","1","$","1828.86","0","0","384.06","2276.93"
"12/03/2019","3 - Nota de Crédito A","6004","723894","","29082051601600","CUIT","30501116242","DANONE ARGENTINA SOCIEDAD ANONIMA","1","$","341.64","0","0","71.74","423.63"
"12/03/2019","3 - Nota de Crédito A","6004","723922","","29082051601600","CUIT","30501116242","DANONE ARGENTINA SOCIEDAD ANONIMA","1","$","3545.12","0","0","744.48","4395.95"
"12/03/2019","3 - Nota de Crédito A","6068","1429","","29082051601600","CUIT","30501116242","DANONE ARGENTINA SOCIEDAD ANONIMA","1","$","44982.78","0","0","9446.38","56003.55"
"12/03/2019","2 - Nota de Débito A","6066","951","","29082051601600","CUIT","30501116242","DANONE ARGENTINA SOCIEDAD ANONIMA","1","$","569.93","0","0","119.69","706.72"
"12/03/2019","3 - Nota de Crédito A","6066","5353","","29082051601600","CUIT","30501116242","DANONE ARGENTINA SOCIEDAD ANONIMA","1","$","19371.97","0","0","4068.11","24021.24"
"12/03/2019","3 - Nota de Crédito A","6004","723927","","29082051601600","CUIT","30501116242","DANONE ARGENTINA SOCIEDAD ANONIMA","1","$","62.87","0","0","13.2","77.96"
"12/03/2019","3 - Nota de Crédito A","6066","5351","","29082051601600","CUIT","30501116242","DANONE ARGENTINA SOCIEDAD ANONIMA","1","$","35486.82","0","0","7452.23","44003.65"
"12/03/2019","2 - Nota de Débito A","6066","950","","29082051601600","CUIT","30501116242","DANONE ARGENTINA SOCIEDAD ANONIMA","1","$","592.59","0","0","124.44","734.81"
"12/03/2019","3 - Nota de Crédito A","6004","723765","","29082051601600","CUIT","30501116242","DANONE ARGENTINA SOCIEDAD ANONIMA","1","$","19667.4","0","0","4130.15","24387.57"
"12/03/2019","3 - Nota de Crédito A","6066","5356","","29082051601600","CUIT","30501116242","DANONE ARGENTINA SOCIEDAD ANONIMA","1","$","11959.56","0","0","2511.51","14829.86"
"12/03/2019","3 - Nota de Crédito A","6068","1430","","29082051601600","CUIT","30501116242","DANONE ARGENTINA SOCIEDAD ANONIMA","1","$","26105.03","0","0","5482.06","32500.77"
"12/03/2019","11 - Factura C","1","3590","","69117000974414","CUIT","30707503307","JEFATURA DE POLICIA DE RIO NEGRO","1","$","","","","","11270.4"
"12/03/2019","15 - Recibo C","3","15","","69118015537651","CUIT","30672851218","CLUB ATLETICO ATENAS","1","$","","","","","35000"
"12/03/2019","11 - Factura C","3","486","","69119021269676","CUIT","20251791199","ECHARRI ELVIO SALVADOR","1","$","","","","","420"
"13/03/2019","3 - Nota de Crédito A","6186","7942","","29081388599154","CUIT","30547242331","MASTELLONE HNOS S A","1","$","2394.84","0","0","502.92","2969.61"
"13/03/2019","3 - Nota de Crédito A","6186","7944","","29081388599154","CUIT","30547242331","MASTELLONE HNOS S A","1","$","2374.75","0","0","498.7","2944.69"
"13/03/2019","3 - Nota de Crédito A","6186","7936","","29081388599154","CUIT","30547242331","MASTELLONE HNOS S A","1","$","30274.85","0","0","6357.72","37540.82"
"13/03/2019","3 - Nota de Crédito A","6186","7940","","29081388599154","CUIT","30547242331","MASTELLONE HNOS S A","1","$","5047.59","0","0","1059.99","6259.01"
"13/03/2019","3 - Nota de Crédito A","6186","7943","","29081388599154","CUIT","30547242331","MASTELLONE HNOS S A","1","$","15236.14","0","0","3199.59","18892.81"
"13/03/2019","3 - Nota de Crédito A","6156","1103887","","29081388599154","CUIT","30547242331","MASTELLONE HNOS S A","1","$","396.24","0","0","83.21","491.34"
"13/03/2019","2 - Nota de Débito A","6140","116","","29081388599154","CUIT","30547242331","MASTELLONE HNOS S A","1","$","134.48","0","0","28.24","167.42"
"13/03/2019","3 - Nota de Crédito A","6156","1103499","","29081388599154","CUIT","30547242331","MASTELLONE HNOS S A","1","$","23542.56","0","0","4943.94","29192.78"
"13/03/2019","3 - Nota de Crédito A","6186","7939","","29081388599154","CUIT","30547242331","MASTELLONE HNOS S A","1","$","542.23","0","0","113.87","672.37"
"13/03/2019","3 - Nota de Crédito A","6186","7937","","29081388599154","CUIT","30547242331","MASTELLONE HNOS S A","1","$","8437.45","0","0","1771.86","10462.43"
"13/03/2019","3 - Nota de Crédito A","6186","7935","","29081388599154","CUIT","30547242331","MASTELLONE HNOS S A","1","$","17062.37","0","0","3583.1","21157.34"
"13/03/2019","3 - Nota de Crédito A","6140","1428","","29081388599154","CUIT","30547242331","MASTELLONE HNOS S A","1","$","18376.19","0","0","3859","22878.36"
"13/03/2019","3 - Nota de Crédito A","6186","7938","","29081388599154","CUIT","30547242331","MASTELLONE HNOS S A","1","$","3434.37","0","0","721.22","4258.62"
"13/03/2019","3 - Nota de Crédito A","6186","7941","","29081388599154","CUIT","30547242331","MASTELLONE HNOS S A","1","$","169.23","0","0","35.54","209.85"
"13/03/2019","3 - Nota de Crédito A","6186","7945","","29081388599154","CUIT","30547242331","MASTELLONE HNOS S A","1","$","2360.1","0","0","495.62","2926.52"
"13/03/2019","3 - Nota de Crédito A","6066","5362","","29082051601600","CUIT","30501116242","DANONE ARGENTINA SOCIEDAD ANONIMA","1","$","1657.34","0","0","348.04","2055.1"
"13/03/2019","3 - Nota de Crédito A","6066","5357","","29082051601600","CUIT","30501116242","DANONE ARGENTINA SOCIEDAD ANONIMA","1","$","13545.3","0","0","2844.51","16796.17"
"13/03/2019","3 - Nota de Crédito A","6066","5358","","29082051601600","CUIT","30501116242","DANONE ARGENTINA SOCIEDAD ANONIMA","1","$","23533","0","0","4941.93","29180.92"
"13/03/2019","3 - Nota de Crédito A","6068","1431","","29082051601600","CUIT","30501116242","DANONE ARGENTINA SOCIEDAD ANONIMA","1","$","12854.7","0","0","2699.49","16004.1"
"13/03/2019","3 - Nota de Crédito A","6066","5364","","29082051601600","CUIT","30501116242","DANONE ARGENTINA SOCIEDAD ANONIMA","1","$","1772.52","0","0","372.23","2197.93"
"13/03/2019","3 - Nota de Crédito A","6066","5359","","29082051601600","CUIT","30501116242","DANONE ARGENTINA SOCIEDAD ANONIMA","1","$","19774.77","0","0","4152.7","24520.71"
"13/03/2019","3 - Nota de Crédito A","6066","5363","","29082051601600","CUIT","30501116242","DANONE ARGENTINA SOCIEDAD ANONIMA","1","$","1999.23","0","0","419.84","2479.05"
"13/03/2019","3 - Nota de Crédito A","6066","5360","","29082051601600","CUIT","30501116242","DANONE ARGENTINA SOCIEDAD ANONIMA","1","$","16076.4","0","0","3376.04","19934.73"
"13/03/2019","3 - Nota de Crédito A","6004","724860","","29082051601600","CUIT","30501116242","DANONE ARGENTINA SOCIEDAD ANONIMA","1","$","23354.6","0","0","4904.47","28959.71"
"13/03/2019","2 - Nota de Débito A","6068","156","","29082051601600","CUIT","30501116242","DANONE ARGENTINA SOCIEDAD ANONIMA","1","$","132.94","0","0","27.92","165.51"
"13/03/2019","2 - Nota de Débito A","6068","157","","29082051601600","CUIT","30501116242","DANONE ARGENTINA SOCIEDAD ANONIMA","1","$","257.62","0","0","54.1","320.74"
"13/03/2019","3 - Nota de Crédito A","6066","5361","","29082051601600","CUIT","30501116242","DANONE ARGENTINA SOCIEDAD ANONIMA","1","$","13349.12","0","0","2803.32","16552.91"
"13/03/2019","3 - Nota de Crédito A","6004","725236","","29082051601600","CUIT","30501116242","DANONE ARGENTINA SOCIEDAD ANONIMA","1","$","590.37","0","0","123.98","732.06"
"13/03/2019","2 - Nota de Débito A","6066","952","","29082051601600","CUIT","30501116242","DANONE ARGENTINA SOCIEDAD ANONIMA","1","$","667.79","0","0","140.24","828.06"
"13/03/2019","3 - Nota de Crédito A","5","58371","","29092272374799","CUIT","30505150372","FRIGORIFICO EL BIERZO S A","1","$","1056.69","0","0","221.91","1278.6"
"13/03/2019","1 - Factura A","5","24462","","69117054398513","CUIT","30545238787","CAVIGLIA Y TELLARINI S.A.","1","$","1850","0","0","388.5","2238.5"
"13/03/2019","1 - Factura A","30","2696","","69117052025715","CUIT","30672901967","LAS GRUTAS S A","1","$","157.02","0","0","32.98","190"
"13/03/2019","6 - Factura B","1","24459","","69119044793193","CUIT","33715359559","QUAGLIA S.R.L.","1","$","902.54","0","0","189.53","1102.99"
"13/03/2019","51 - Factura M","3","62","","69119032977261","CUIT","20055036579","LUCANERA ALFREDO ADOLFO","1","$","42855.74","0","0","8999.71","51855.45"
"14/03/2019","1 - Factura A","6156","2419511","","29081388599154","CUIT","30547242331","MASTELLONE HNOS S A","1","$","651689.76","0","0","136854.85","811353.75"
"14/03/2019","3 - Nota de Crédito A","6186","7953","","29081388599154","CUIT","30547242331","MASTELLONE HNOS S A","1","$","19369.32","0","0","4067.56","24017.96"
"14/03/2019","3 - Nota de Crédito A","6186","7954","","29081388599154","CUIT","30547242331","MASTELLONE HNOS S A","1","$","3064.07","0","0","643.45","3799.44"
"14/03/2019","3 - Nota de Crédito A","6140","1429","","29081388599154","CUIT","30547242331","MASTELLONE HNOS S A","1","$","10992.82","0","0","2308.49","13686.05"
"14/03/2019","2 - Nota de Débito A","6186","935","","29081388599154","CUIT","30547242331","MASTELLONE HNOS S A","1","$","125.14","0","0","26.28","155.17"
"14/03/2019","3 - Nota de Crédito A","6156","1105427","","29081388599154","CUIT","30547242331","MASTELLONE HNOS S A","1","$","375.25","0","0","78.8","465.31"
"14/03/2019","3 - Nota de Crédito A","6186","7949","","29081388599154","CUIT","30547242331","MASTELLONE HNOS S A","1","$","7948.11","0","0","1669.1","9855.65"
"14/03/2019","3 - Nota de Crédito A","6186","7948","","29081388599154","CUIT","30547242331","MASTELLONE HNOS S A","1","$","24802.69","0","0","5208.56","30755.33"
"14/03/2019","2 - Nota de Débito A","6186","934","","29081388599154","CUIT","30547242331","MASTELLONE HNOS S A","1","$","414.71","0","0","87.09","514.24"
"14/03/2019","2 - Nota de Débito A","6186","936","","29081388599154","CUIT","30547242331","MASTELLONE HNOS S A","1","$","140.73","0","0","29.55","174.5"
"14/03/2019","3 - Nota de Crédito A","6186","7950","","29081388599154","CUIT","30547242331","MASTELLONE HNOS S A","1","$","7448.34","0","0","1564.15","9235.94"
"14/03/2019","3 - Nota de Crédito A","6186","7951","","29081388599154","CUIT","30547242331","MASTELLONE HNOS S A","1","$","19143.57","0","0","4020.15","23738.03"
"14/03/2019","3 - Nota de Crédito A","6186","7946","","29081388599154","CUIT","30547242331","MASTELLONE HNOS S A","1","$","24853.65","0","0","5219.27","30818.53"
"14/03/2019","3 - Nota de Crédito A","6186","7947","","29081388599154","CUIT","30547242331","MASTELLONE HNOS S A","1","$","9541.69","0","0","2003.75","11831.69"
"14/03/2019","3 - Nota de Crédito A","6186","7952","","29081388599154","CUIT","30547242331","MASTELLONE HNOS S A","1","$","11549.47","0","0","2425.39","14321.34"
"14/03/2019","1 - Factura A","6156","2419513","","29081388599154","CUIT","30547242331","MASTELLONE HNOS S A","1","$","406990.7","0","0","85468.05","504668.47"
"14/03/2019","1 - Factura A","2004","28833","","29081707849846","CUIT","30707013431","NUTRICIA BAGO SA","1","$","1822.32","0","0","382.69","2205.01"
"14/03/2019","3 - Nota de Crédito A","6066","5365","","29082051601600","CUIT","30501116242","DANONE ARGENTINA SOCIEDAD ANONIMA","1","$","27045.89","0","0","5679.64","33536.91"
"14/03/2019","3 - Nota de Crédito A","6004","726771","","29082051601600","CUIT","30501116242","DANONE ARGENTINA SOCIEDAD ANONIMA","1","$","123.67","0","0","25.97","153.35"
"14/03/2019","3 - Nota de Crédito A","6068","1432","","29082051601600","CUIT","30501116242","DANONE ARGENTINA SOCIEDAD ANONIMA","1","$","49922.85","0","0","10483.8","62153.95"
"14/03/2019","3 - Nota de Crédito A","6066","5368","","29082051601600","CUIT","30501116242","DANONE ARGENTINA SOCIEDAD ANONIMA","1","$","16803.83","0","0","3528.8","20836.74"
"14/03/2019","1 - Factura A","6004","1560514","","29082051601600","CUIT","30501116242","DANONE ARGENTINA SOCIEDAD ANONIMA","1","$","381978.47","0","0","80215.48","475563.19"
"14/03/2019","3 - Nota de Crédito A","6066","5366","","29082051601600","CUIT","30501116242","DANONE ARGENTINA SOCIEDAD ANONIMA","1","$","61644.49","0","0","12945.34","76439.16"
"14/03/2019","3 - Nota de Crédito A","6066","5369","","29082051601600","CUIT","30501116242","DANONE ARGENTINA SOCIEDAD ANONIMA","1","$","30858.03","0","0","6480.19","38263.96"
"14/03/2019","3 - Nota de Crédito A","6066","5370","","29082051601600","CUIT","30501116242","DANONE ARGENTINA SOCIEDAD ANONIMA","1","$","22444.25","0","0","4713.29","27830.87"
"14/03/2019","1 - Factura A","6004","1560516","","29082051601600","CUIT","30501116242","DANONE ARGENTINA SOCIEDAD ANONIMA","1","$","398481.8","0","0","83681.18","494117.43"
"14/03/2019","2 - Nota de Débito A","6066","953","","29082051601600","CUIT","30501116242","DANONE ARGENTINA SOCIEDAD ANONIMA","1","$","807.96","0","0","169.67","1001.87"
"14/03/2019","3 - Nota de Crédito A","6066","5367","","29082051601600","CUIT","30501116242","DANONE ARGENTINA SOCIEDAD ANONIMA","1","$","28911.14","0","0","6071.34","35849.81"
"14/03/2019","11 - Factura C","3","493","","69119080305015","CUIT","20251791199","ECHARRI ELVIO SALVADOR","1","$","","","","","1580"
"14/03/2019","3 - Nota de Crédito A","492","8665","","69119085917664","CUIT","30663197599","CAMPO AUSTRAL SA","1","$","22161.58","0","0","4653.93","26815.51"
"15/03/2019","3 - Nota de Crédito A","2066","24","","29081707849846","CUIT","30707013431","NUTRICIA BAGO SA","1","$","1337.6","0","0","280.9","1618.5"
"15/03/2019","3 - Nota de Crédito A","2066","23","","29081707849846","CUIT","30707013431","NUTRICIA BAGO SA","1","$","5000.75","0","0","1050.16","6050.91"
"15/03/2019","3 - Nota de Crédito A","6186","7961","","29081388599154","CUIT","30547242331","MASTELLONE HNOS S A","1","$","67037.44","0","0","14077.86","83126.42"
"15/03/2019","3 - Nota de Crédito A","6156","1106183","","29081388599154","CUIT","30547242331","MASTELLONE HNOS S A","1","$","569.16","0","0","119.52","705.75"
"15/03/2019","3 - Nota de Crédito A","6186","7956","","29081388599154","CUIT","30547242331","MASTELLONE HNOS S A","1","$","29797","0","0","6257.37","36948.28"
"15/03/2019","3 - Nota de Crédito A","6186","7960","","29081388599154","CUIT","30547242331","MASTELLONE HNOS S A","1","$","2279.95","0","0","478.79","2827.14"
"15/03/2019","3 - Nota de Crédito A","6186","7955","","29081388599154","CUIT","30547242331","MASTELLONE HNOS S A","1","$","38384.02","0","0","8060.64","47596.18"
"15/03/2019","3 - Nota de Crédito A","6140","1430","","29081388599154","CUIT","30547242331","MASTELLONE HNOS S A","1","$","15212.97","0","0","3194.72","18940.14"
"15/03/2019","3 - Nota de Crédito A","6140","1431","","29081388599154","CUIT","30547242331","MASTELLONE HNOS S A","1","$","8813.82","0","0","1850.9","10973.2"
"15/03/2019","3 - Nota de Crédito A","6186","7959","","29081388599154","CUIT","30547242331","MASTELLONE HNOS S A","1","$","34893.94","0","0","7327.73","43268.49"
"15/03/2019","3 - Nota de Crédito A","6186","7958","","29081388599154","CUIT","30547242331","MASTELLONE HNOS S A","1","$","20856.33","0","0","4379.83","25861.85"
"15/03/2019","3 - Nota de Crédito A","6186","7957","","29081388599154","CUIT","30547242331","MASTELLONE HNOS S A","1","$","13557.57","0","0","2847.09","16811.39"
"15/03/2019","3 - Nota de Crédito A","6066","5373","","29082051601600","CUIT","30501116242","DANONE ARGENTINA SOCIEDAD ANONIMA","1","$","66137.06","0","0","13888.78","82009.95"
"15/03/2019","3 - Nota de Crédito A","6004","727463","","29082051601600","CUIT","30501116242","DANONE ARGENTINA SOCIEDAD ANONIMA","1","$","24134.11","0","0","5068.16","29926.29"
"15/03/2019","3 - Nota de Crédito A","6004","727559","","29082051601600","CUIT","30501116242","DANONE ARGENTINA SOCIEDAD ANONIMA","1","$","2093.52","0","0","439.64","2595.97"
"15/03/2019","2 - Nota de Débito A","6066","955","","29082051601600","CUIT","30501116242","DANONE ARGENTINA SOCIEDAD ANONIMA","1","$","19.06","0","0","4","23.63"
"15/03/2019","3 - Nota de Crédito A","6066","5371","","29082051601600","CUIT","30501116242","DANONE ARGENTINA SOCIEDAD ANONIMA","1","$","108864.49","0","0","22861.54","134991.96"
"15/03/2019","3 - Nota de Crédito A","6066","5374","","29082051601600","CUIT","30501116242","DANONE ARGENTINA SOCIEDAD ANONIMA","1","$","13403.92","0","0","2814.82","16620.86"
"15/03/2019","3 - Nota de Crédito A","6066","5375","","29082051601600","CUIT","30501116242","DANONE ARGENTINA SOCIEDAD ANONIMA","1","$","33804.86","0","0","7099.02","41918.03"
"15/03/2019","3 - Nota de Crédito A","6066","5376","","29082051601600","CUIT","30501116242","DANONE ARGENTINA SOCIEDAD ANONIMA","1","$","24245.64","0","0","5091.58","30064.59"
"15/03/2019","3 - Nota de Crédito A","6066","5372","","29082051601600","CUIT","30501116242","DANONE ARGENTINA SOCIEDAD ANONIMA","1","$","62697.69","0","0","13166.51","77745.13"
"15/03/2019","1 - Factura A","6010","1856","","29082051601600","CUIT","30501116242","DANONE ARGENTINA SOCIEDAD ANONIMA","1","$","38244.46","0","0","8031.34","47423.13"
"15/03/2019","1 - Factura A","6010","1851","","29082051601600","CUIT","30501116242","DANONE ARGENTINA SOCIEDAD ANONIMA","1","$","38244.46","0","0","8031.34","47423.13"
"15/03/2019","2 - Nota de Débito A","6066","954","","29082051601600","CUIT","30501116242","DANONE ARGENTINA SOCIEDAD ANONIMA","1","$","483.13","0","0","101.46","599.08"
"15/03/2019","3 - Nota de Crédito A","6068","1433","","29082051601600","CUIT","30501116242","DANONE ARGENTINA SOCIEDAD ANONIMA","1","$","53226.37","0","0","11177.54","66266.83"
"15/03/2019","3 - Nota de Crédito A","6068","1434","","29082051601600","CUIT","30501116242","DANONE ARGENTINA SOCIEDAD ANONIMA","1","$","11779.16","0","0","2473.62","14665.05"
"15/03/2019","1 - Factura A","6","4244","","69113093136731","CUIT","20076505773","SCHWINDT ANGEL FRANCISCO","1","$","7892.56","0","0","1657.44","9550"
"15/03/2019","1 - Factura A","41","99663","","69114105365876","CUIT","30661383034","LACTEOS BARRAZA SA","1","$","184860.68","0","0","38820.74","223681.42"
"15/03/2019","1 - Factura A","4","68","","69114110252239","CUIT","27104381354","CECCHINI GRACIELA SUSANA","1","$","1123.97","0","0","236.03","1360"
"15/03/2019","1 - Factura A","1405","15847","","69125247000691","CUIT","30639453975","TELEFONICA DE ARGENTINA SA","1","$","2431","0","0","656.37","3087.37"
"15/03/2019","1 - Factura A","3","249","","69118090749066","CUIT","20109762998","PORRETTI ENRIQUE ALEJANDRO","1","$","1248.87","0","0","131.13","1380"
"15/03/2019","11 - Factura C","3","4","","69119094124248","CUIT","23179896559","TORRALBA GUILLERMO ANGEL","1","$","","","","","6800"
"15/03/2019","1 - Factura A","32","21561","","29089280907930","CUIT","33501348479","REFINERIA DEL CENTRO SA","1","$","71820","0","0","15082.2","86902.2"
"16/03/2019","3 - Nota de Crédito A","2066","25","","29101931165470","CUIT","30707013431","NUTRICIA BAGO SA","1","$","1672.38","0","0","351.2","2023.58"
"16/03/2019","3 - Nota de Crédito A","6186","7964","","29101519616729","CUIT","30547242331","MASTELLONE HNOS S A","1","$","13581.57","0","0","2852.13","16841.15"
"16/03/2019","3 - Nota de Crédito A","6140","1432","","29101519616729","CUIT","30547242331","MASTELLONE HNOS S A","1","$","39513.7","0","0","8297.88","49194.56"
"16/03/2019","3 - Nota de Crédito A","6186","7969","","29101519616729","CUIT","30547242331","MASTELLONE HNOS S A","1","$","6939.97","0","0","1457.39","8605.56"
"16/03/2019","3 - Nota de Crédito A","6186","7966","","29101519616729","CUIT","30547242331","MASTELLONE HNOS S A","1","$","26690.74","0","0","5605.06","33096.52"
"16/03/2019","3 - Nota de Crédito A","6186","7968","","29101519616729","CUIT","30547242331","MASTELLONE HNOS S A","1","$","12759.52","0","0","2679.5","15821.81"
"16/03/2019","3 - Nota de Crédito A","6186","7967","","29101519616729","CUIT","30547242331","MASTELLONE HNOS S A","1","$","20119.88","0","0","4225.17","24948.65"
"16/03/2019","3 - Nota de Crédito A","6186","7962","","29101519616729","CUIT","30547242331","MASTELLONE HNOS S A","1","$","35351.37","0","0","7423.79","43835.7"
"16/03/2019","3 - Nota de Crédito A","6186","7963","","29101519616729","CUIT","30547242331","MASTELLONE HNOS S A","1","$","11968.34","0","0","2513.35","14840.74"
"16/03/2019","3 - Nota de Crédito A","6186","7965","","29101519616729","CUIT","30547242331","MASTELLONE HNOS S A","1","$","7505.6","0","0","1576.18","9306.95"
"16/03/2019","3 - Nota de Crédito A","6066","5381","","29102311018815","CUIT","30501116242","DANONE ARGENTINA SOCIEDAD ANONIMA","1","$","17991.65","0","0","3778.25","22309.65"
"16/03/2019","3 - Nota de Crédito A","6066","5378","","29102311018815","CUIT","30501116242","DANONE ARGENTINA SOCIEDAD ANONIMA","1","$","57263.37","0","0","12025.31","71006.58"
"16/03/2019","2 - Nota de Débito A","6066","956","","29102311018815","CUIT","30501116242","DANONE ARGENTINA SOCIEDAD ANONIMA","1","$","257.64","0","0","54.1","319.47"
"16/03/2019","3 - Nota de Crédito A","6066","5379","","29102311018815","CUIT","30501116242","DANONE ARGENTINA SOCIEDAD ANONIMA","1","$","57434.32","0","0","12061.21","71218.56"
"16/03/2019","3 - Nota de Crédito A","6066","5382","","29102311018815","CUIT","30501116242","DANONE ARGENTINA SOCIEDAD ANONIMA","1","$","3234.3","0","0","679.2","4010.53"
"16/03/2019","3 - Nota de Crédito A","6068","1435","","29102311018815","CUIT","30501116242","DANONE ARGENTINA SOCIEDAD ANONIMA","1","$","32967.56","0","0","6923.19","41044.62"
"16/03/2019","3 - Nota de Crédito A","6066","5377","","29102311018815","CUIT","30501116242","DANONE ARGENTINA SOCIEDAD ANONIMA","1","$","18741.96","0","0","3935.81","23240.03"
"16/03/2019","3 - Nota de Crédito A","6066","5380","","29102311018815","CUIT","30501116242","DANONE ARGENTINA SOCIEDAD ANONIMA","1","$","4229.31","0","0","888.16","5244.35"
"16/03/2019","1 - Factura A","9","227103","","69115121680628","CUIT","30707702695","CARNES PORCINAS SELECCIONADAS  SA","1","$","24494.55","0","0","5143.85","29883.35"
"16/03/2019","1 - Factura A","9","227102","","69115121677965","CUIT","30707702695","CARNES PORCINAS SELECCIONADAS  SA","1","$","85892.66","0","0","18037.46","103930.12"
"16/03/2019","1 - Factura A","214","112123","","69118135200137","CUIT","30503348728","FRIGORIFICO PALADINI  S.A.","1","$","328518.79","","","68988.93","410648.47"
"16/03/2019","1 - Factura A","214","112104","","69118131507157","CUIT","30503348728","FRIGORIFICO PALADINI  S.A.","1","$","3418.09","","","717.8","4238.43"
"16/03/2019","1 - Factura A","214","112105","","69118131510072","CUIT","30503348728","FRIGORIFICO PALADINI  S.A.","1","$","398965.69","","","83782.79","494717.45"
"18/03/2019","1 - Factura A","2004","28881","","29101931165470","CUIT","30707013431","NUTRICIA BAGO SA","1","$","42885.57","0","0","9005.97","51891.54"
"18/03/2019","1 - Factura A","6156","2428322","","29101519616729","CUIT","30547242331","MASTELLONE HNOS S A","1","$","419847.23","0","0","88167.92","520610.57"
"18/03/2019","1 - Factura A","6004","1565500","","29102311018815","CUIT","30501116242","DANONE ARGENTINA SOCIEDAD ANONIMA","1","$","482118.44","0","0","101244.87","597826.86"
"18/03/2019","1 - Factura A","2","362","","69114154737355","CUIT","20223787704","RESOALI YAMASIRO ESTEBAN MARIO","1","$","371.9","250","0","78.1","700"
"18/03/2019","11 - Factura C","2","65","","69115170815722","CUIT","20241379575","MESA RICARDO FELIX","1","$","","","","","600"
"18/03/2019","1 - Factura A","2","326","","69116151227716","CUIT","20221244916","LEON JOSE CARLOS","1","$","12900","0","0","2709","15609"
"18/03/2019","1 - Factura A","36","92456","","69116159823872","CUIT","30648060846","NOAL S A","1","$","66690.49","0","0","14005","80695.49"
"18/03/2019","1 - Factura A","36","92455","","69116159799453","CUIT","30648060846","NOAL S A","1","$","354849.4","0","0","74518.37","429367.77"
"18/03/2019","1 - Factura A","2","8030","","69110157717240","CUIT","30554119650","FRIGORIFICO LOS TRES S A","1","$","32331.77","0","0","6789.67","39121.44"
"19/03/2019","3 - Nota de Crédito A","6186","7970","","29101519616729","CUIT","30547242331","MASTELLONE HNOS S A","1","$","34815.22","0","0","7311.2","43170.88"
"19/03/2019","3 - Nota de Crédito A","6186","7972","","29101519616729","CUIT","30547242331","MASTELLONE HNOS S A","1","$","23552.96","0","0","4946.12","29205.67"
"19/03/2019","3 - Nota de Crédito A","6186","7974","","29101519616729","CUIT","30547242331","MASTELLONE HNOS S A","1","$","11796.8","0","0","2477.33","14628.03"
"19/03/2019","3 - Nota de Crédito A","6140","1434","","29101519616729","CUIT","30547242331","MASTELLONE HNOS S A","1","$","22536.06","0","0","4732.57","28057.39"
"19/03/2019","3 - Nota de Crédito A","6186","7978","","29101519616729","CUIT","30547242331","MASTELLONE HNOS S A","1","$","3688.71","0","0","774.63","4574"
"19/03/2019","3 - Nota de Crédito A","6140","1433","","29101519616729","CUIT","30547242331","MASTELLONE HNOS S A","1","$","3974.64","0","0","834.67","4948.42"
"19/03/2019","3 - Nota de Crédito A","6186","7971","","29101519616729","CUIT","30547242331","MASTELLONE HNOS S A","1","$","22158.71","0","0","4653.33","27476.8"
"19/03/2019","2 - Nota de Débito A","6186","937","","29101519616729","CUIT","30547242331","MASTELLONE HNOS S A","1","$","9.06","0","0","1.9","11.23"
"19/03/2019","3 - Nota de Crédito A","6186","7975","","29101519616729","CUIT","30547242331","MASTELLONE HNOS S A","1","$","1932.81","0","0","405.89","2396.68"
"19/03/2019","3 - Nota de Crédito A","6156","1109110","","29101519616729","CUIT","30547242331","MASTELLONE HNOS S A","1","$","466.06","0","0","97.87","577.91"
"19/03/2019","3 - Nota de Crédito A","6156","1109109","","29101519616729","CUIT","30547242331","MASTELLONE HNOS S A","1","$","536.15","0","0","112.59","667.5"
"19/03/2019","3 - Nota de Crédito A","6186","7977","","29101519616729","CUIT","30547242331","MASTELLONE HNOS S A","1","$","3954.57","0","0","830.46","4903.67"
"19/03/2019","3 - Nota de Crédito A","6186","7976","","29101519616729","CUIT","30547242331","MASTELLONE HNOS S A","1","$","11446.5","0","0","2403.77","14193.67"
"19/03/2019","3 - Nota de Crédito A","6186","7973","","29101519616729","CUIT","30547242331","MASTELLONE HNOS S A","1","$","1673.66","0","0","351.47","2075.34"
"19/03/2019","3 - Nota de Crédito A","6066","5388","","29102311018815","CUIT","30501116242","DANONE ARGENTINA SOCIEDAD ANONIMA","1","$","12677.89","0","0","2662.36","15720.59"
"19/03/2019","3 - Nota de Crédito A","6004","729861","","29102311018815","CUIT","30501116242","DANONE ARGENTINA SOCIEDAD ANONIMA","1","$","11053.89","0","0","2321.32","13706.83"
"19/03/2019","3 - Nota de Crédito A","6066","5383","","29102311018815","CUIT","30501116242","DANONE ARGENTINA SOCIEDAD ANONIMA","1","$","21615.24","0","0","4539.2","26802.9"
"19/03/2019","3 - Nota de Crédito A","6004","729858","","29102311018815","CUIT","30501116242","DANONE ARGENTINA SOCIEDAD ANONIMA","1","$","686.08","0","0","144.08","854.17"
"19/03/2019","3 - Nota de Crédito A","6066","5387","","29102311018815","CUIT","30501116242","DANONE ARGENTINA SOCIEDAD ANONIMA","1","$","13314.98","0","0","2796.15","16510.58"
"19/03/2019","3 - Nota de Crédito A","6066","5385","","29102311018815","CUIT","30501116242","DANONE ARGENTINA SOCIEDAD ANONIMA","1","$","16598.74","0","0","3485.74","20582.44"
"19/03/2019","3 - Nota de Crédito A","6066","5386","","29102311018815","CUIT","30501116242","DANONE ARGENTINA SOCIEDAD ANONIMA","1","$","11052.5","0","0","2321.03","13705.11"
"19/03/2019","3 - Nota de Crédito A","6066","5384","","29102311018815","CUIT","30501116242","DANONE ARGENTINA SOCIEDAD ANONIMA","1","$","30846.04","0","0","6477.67","38249.09"
"19/03/2019","3 - Nota de Crédito A","6004","729859","","29102311018815","CUIT","30501116242","DANONE ARGENTINA SOCIEDAD ANONIMA","1","$","3150.38","0","0","661.58","3906.47"
"19/03/2019","3 - Nota de Crédito A","6068","1436","","29102311018815","CUIT","30501116242","DANONE ARGENTINA SOCIEDAD ANONIMA","1","$","13183.37","0","0","2768.51","16413.3"
"19/03/2019","3 - Nota de Crédito A","6068","1437","","29102311018815","CUIT","30501116242","DANONE ARGENTINA SOCIEDAD ANONIMA","1","$","7789.63","0","0","1635.82","9698.09"
"19/03/2019","2 - Nota de Débito A","6066","957","","29102311018815","CUIT","30501116242","DANONE ARGENTINA SOCIEDAD ANONIMA","1","$","762.6","0","0","160.15","945.63"
"19/03/2019","2 - Nota de Débito A","6066","958","","29102311018815","CUIT","30501116242","DANONE ARGENTINA SOCIEDAD ANONIMA","1","$","27.82","0","0","5.84","34.49"
"19/03/2019","2 - Nota de Débito A","6066","959","","29102311018815","CUIT","30501116242","DANONE ARGENTINA SOCIEDAD ANONIMA","1","$","257.64","0","0","54.1","319.47"
"19/03/2019","3 - Nota de Crédito A","10","87826","","69125191794497","CUIT","30707702695","CARNES PORCINAS SELECCIONADAS  SA","1","$","1711.37","0","0","359.39","2070.76"
"19/03/2019","11 - Factura C","3","514","","69129187284942","CUIT","20251791199","ECHARRI ELVIO SALVADOR","1","$","","","","","720"
"19/03/2019","11 - Factura C","3","517","","69129212209104","CUIT","20251791199","ECHARRI ELVIO SALVADOR","1","$","","","","","550"
"20/03/2019","3 - Nota de Crédito A","6186","7980","","29101519616729","CUIT","30547242331","MASTELLONE HNOS S A","1","$","29778.25","0","0","6253.43","36925.03"
"20/03/2019","3 - Nota de Crédito A","6186","7986","","29101519616729","CUIT","30547242331","MASTELLONE HNOS S A","1","$","5158.59","0","0","1083.3","6396.65"
"20/03/2019","3 - Nota de Crédito A","6186","7983","","29101519616729","CUIT","30547242331","MASTELLONE HNOS S A","1","$","22152.72","0","0","4652.07","27469.37"
"20/03/2019","3 - Nota de Crédito A","6186","7984","","29101519616729","CUIT","30547242331","MASTELLONE HNOS S A","1","$","2579.77","0","0","541.75","3198.91"
"20/03/2019","3 - Nota de Crédito A","6186","7979","","29101519616729","CUIT","30547242331","MASTELLONE HNOS S A","1","$","16718.21","0","0","3510.82","20730.58"
"20/03/2019","1 - Factura A","6156","2431048","","29101519616729","CUIT","30547242331","MASTELLONE HNOS S A","1","$","522934.17","0","0","109816.18","648438.38"
"20/03/2019","3 - Nota de Crédito A","6186","7985","","29101519616729","CUIT","30547242331","MASTELLONE HNOS S A","1","$","15745.12","0","0","3306.48","19523.95"
"20/03/2019","3 - Nota de Crédito A","6186","7982","","29101519616729","CUIT","30547242331","MASTELLONE HNOS S A","1","$","7031.48","0","0","1476.61","8719.03"
"20/03/2019","3 - Nota de Crédito A","6186","7981","","29101519616729","CUIT","30547242331","MASTELLONE HNOS S A","1","$","8963.92","0","0","1882.42","11115.26"
"20/03/2019","3 - Nota de Crédito A","6010","25379","","29102311018815","CUIT","30501116242","DANONE ARGENTINA SOCIEDAD ANONIMA","1","$","40179.97","0","0","8437.79","48617.76"
"20/03/2019","3 - Nota de Crédito A","6066","5391","","29102311018815","CUIT","30501116242","DANONE ARGENTINA SOCIEDAD ANONIMA","1","$","30698.8","0","0","6446.75","38066.51"
"20/03/2019","3 - Nota de Crédito A","6066","5393","","29102311018815","CUIT","30501116242","DANONE ARGENTINA SOCIEDAD ANONIMA","1","$","19371.24","0","0","4067.96","24020.34"
"20/03/2019","2 - Nota de Débito A","6066","960","","29102311018815","CUIT","30501116242","DANONE ARGENTINA SOCIEDAD ANONIMA","1","$","139.56","0","0","29.31","173.06"
"20/03/2019","3 - Nota de Crédito A","6066","5392","","29102311018815","CUIT","30501116242","DANONE ARGENTINA SOCIEDAD ANONIMA","1","$","16924.57","0","0","3554.16","20986.47"
"20/03/2019","2 - Nota de Débito A","6066","961","","29102311018815","CUIT","30501116242","DANONE ARGENTINA SOCIEDAD ANONIMA","1","$","59.25","0","0","12.44","73.47"
"20/03/2019","3 - Nota de Crédito A","6066","5390","","29102311018815","CUIT","30501116242","DANONE ARGENTINA SOCIEDAD ANONIMA","1","$","19675.29","0","0","4131.81","24397.36"
"20/03/2019","2 - Nota de Débito A","6066","962","","29102311018815","CUIT","30501116242","DANONE ARGENTINA SOCIEDAD ANONIMA","1","$","395.72","0","0","83.1","490.69"
"20/03/2019","3 - Nota de Crédito A","6066","5394","","29102311018815","CUIT","30501116242","DANONE ARGENTINA SOCIEDAD ANONIMA","1","$","18047.98","0","0","3790.08","22379.5"
"20/03/2019","1 - Factura A","6004","1567029","","29102311018815","CUIT","30501116242","DANONE ARGENTINA SOCIEDAD ANONIMA","1","$","540830.74","0","0","113574.46","670630.12"
"20/03/2019","3 - Nota de Crédito A","6066","5389","","29102311018815","CUIT","30501116242","DANONE ARGENTINA SOCIEDAD ANONIMA","1","$","30843.82","0","0","6477.2","38246.33"
"20/03/2019","11 - Factura C","2","70","","69125232639395","CUIT","20241379575","MESA RICARDO FELIX","1","$","","","","","600"
"20/03/2019","6 - Factura B","1","24629","","69129234985354","CUIT","33715359559","QUAGLIA S.R.L.","1","$","925.38","0","0","194.33","1130.91"
"21/03/2019","3 - Nota de Crédito A","6186","7987","","29101519616729","CUIT","30547242331","MASTELLONE HNOS S A","1","$","21439.68","0","0","4502.33","26585.2"
"21/03/2019","3 - Nota de Crédito A","6186","7992","","29101519616729","CUIT","30547242331","MASTELLONE HNOS S A","1","$","8074.44","0","0","1695.63","10012.3"
"21/03/2019","3 - Nota de Crédito A","6186","7991","","29101519616729","CUIT","30547242331","MASTELLONE HNOS S A","1","$","10701.79","0","0","2247.38","13270.22"
"21/03/2019","1 - Factura A","2004","29136","","29101931165470","CUIT","30707013431","NUTRICIA BAGO SA","1","$","2210.25","0","0","464.15","2674.4"
"21/03/2019","1 - Factura A","6156","2436035","","29101519616729","CUIT","30547242331","MASTELLONE HNOS S A","1","$","614219.13","0","0","128986.02","761631.72"
"21/03/2019","3 - Nota de Crédito A","6140","1435","","29101519616729","CUIT","30547242331","MASTELLONE HNOS S A","1","$","49077.8","0","0","10306.34","61101.86"
"21/03/2019","3 - Nota de Crédito A","6186","7990","","29101519616729","CUIT","30547242331","MASTELLONE HNOS S A","1","$","5944.66","0","0","1248.38","7371.38"
"21/03/2019","3 - Nota de Crédito A","6186","7994","","29101519616729","CUIT","30547242331","MASTELLONE HNOS S A","1","$","11400.09","0","0","2394.02","14136.11"
"21/03/2019","3 - Nota de Crédito A","6186","7989","","29101519616729","CUIT","30547242331","MASTELLONE HNOS S A","1","$","28785.77","0","0","6045.01","35694.35"
"21/03/2019","3 - Nota de Crédito A","6186","7993","","29101519616729","CUIT","30547242331","MASTELLONE HNOS S A","1","$","4316.21","0","0","906.4","5352.1"
"21/03/2019","3 - Nota de Crédito A","6186","7988","","29101519616729","CUIT","30547242331","MASTELLONE HNOS S A","1","$","39676.64","0","0","8332.09","49199.03"
"21/03/2019","1 - Factura A","6004","1570175","","29102311018815","CUIT","30501116242","DANONE ARGENTINA SOCIEDAD ANONIMA","1","$","495864.26","0","0","104131.49","614871.68"
"21/03/2019","3 - Nota de Crédito A","6066","5395","","29102311018815","CUIT","30501116242","DANONE ARGENTINA SOCIEDAD ANONIMA","1","$","41418.45","0","0","8697.87","51358.87"
"21/03/2019","3 - Nota de Crédito A","6066","5396","","29102311018815","CUIT","30501116242","DANONE ARGENTINA SOCIEDAD ANONIMA","1","$","54218.01","0","0","11385.78","67230.33"
"21/03/2019","3 - Nota de Crédito A","6066","5399","","29102311018815","CUIT","30501116242","DANONE ARGENTINA SOCIEDAD ANONIMA","1","$","16703","0","0","3507.63","20711.72"
"21/03/2019","3 - Nota de Crédito A","6066","5398","","29102311018815","CUIT","30501116242","DANONE ARGENTINA SOCIEDAD ANONIMA","1","$","11343.96","0","0","2382.23","14066.51"
"21/03/2019","3 - Nota de Crédito A","6066","5397","","29102311018815","CUIT","30501116242","DANONE ARGENTINA SOCIEDAD ANONIMA","1","$","28508.86","0","0","5986.86","35350.99"
"21/03/2019","3 - Nota de Crédito A","6068","1438","","29102311018815","CUIT","30501116242","DANONE ARGENTINA SOCIEDAD ANONIMA","1","$","37893.73","0","0","7957.68","47177.69"
"21/03/2019","3 - Nota de Crédito A","6066","5400","","29102311018815","CUIT","30501116242","DANONE ARGENTINA SOCIEDAD ANONIMA","1","$","47512.27","0","0","9977.58","58915.22"
"21/03/2019","1 - Factura A","6","4260","","69123275105792","CUIT","20076505773","SCHWINDT ANGEL FRANCISCO","1","$","271.24","0","0","56.96","328.2"
"21/03/2019","1 - Factura A","2093","10211056","","69127268064195","CUIT","30678814357","TELEFONICA MOVILES ARGENTINA SOCIEDAD ANONIMA","1","$","9280.77","278.42","0","2501.84","12545.72"
"21/03/2019","1 - Factura A","30","2718","","69127277418845","CUIT","30672901967","LAS GRUTAS S A","1","$","157.02","0","0","32.98","190"
"21/03/2019","1 - Factura A","5","10559","","69129257652870","CUIT","30708848219","TECNOBAHIA SA","1","$","2171.46","0","0","456.01","2627.47"
"21/03/2019","8 - Nota de Crédito B","1","1861","","69129271015166","CUIT","33715359559","QUAGLIA S.R.L.","1","$","210.84","0","0","44.28","257.67"
"22/03/2019","3 - Nota de Crédito A","2066","26","","29101931165470","CUIT","30707013431","NUTRICIA BAGO SA","1","$","9513.46","0","0","1997.83","11511.29"
"22/03/2019","3 - Nota de Crédito A","6004","732476","","29102311018815","CUIT","30501116242","DANONE ARGENTINA SOCIEDAD ANONIMA","1","$","507.04","0","0","106.48","628.73"
"22/03/2019","3 - Nota de Crédito A","6066","5402","","29102311018815","CUIT","30501116242","DANONE ARGENTINA SOCIEDAD ANONIMA","1","$","53270.05","0","0","11186.71","66054.86"
"22/03/2019","3 - Nota de Crédito A","6066","5403","","29102311018815","CUIT","30501116242","DANONE ARGENTINA SOCIEDAD ANONIMA","1","$","22450.6","0","0","4714.63","27838.75"
"22/03/2019","3 - Nota de Crédito A","6068","1440","","29102311018815","CUIT","30501116242","DANONE ARGENTINA SOCIEDAD ANONIMA","1","$","16520.92","0","0","3469.39","20568.54"
"22/03/2019","2 - Nota de Débito A","6066","963","","29102311018815","CUIT","30501116242","DANONE ARGENTINA SOCIEDAD ANONIMA","1","$","502.91","0","0","105.61","623.61"
"22/03/2019","3 - Nota de Crédito A","6066","5406","","29102311018815","CUIT","30501116242","DANONE ARGENTINA SOCIEDAD ANONIMA","1","$","20991.87","0","0","4408.29","26029.92"
"22/03/2019","3 - Nota de Crédito A","6066","5404","","29102311018815","CUIT","30501116242","DANONE ARGENTINA SOCIEDAD ANONIMA","1","$","15655.47","0","0","3287.65","19412.78"
"22/03/2019","2 - Nota de Débito A","6068","158","","29102311018815","CUIT","30501116242","DANONE ARGENTINA SOCIEDAD ANONIMA","1","$","1665.38","0","0","349.73","2073.4"
"22/03/2019","3 - Nota de Crédito A","6004","732369","","29102311018815","CUIT","30501116242","DANONE ARGENTINA SOCIEDAD ANONIMA","1","$","4328.35","0","0","908.95","5367.15"
"22/03/2019","3 - Nota de Crédito A","6066","5401","","29102311018815","CUIT","30501116242","DANONE ARGENTINA SOCIEDAD ANONIMA","1","$","44991.45","0","0","9448.2","55789.39"
"22/03/2019","3 - Nota de Crédito A","6066","5405","","29102311018815","CUIT","30501116242","DANONE ARGENTINA SOCIEDAD ANONIMA","1","$","7878.01","0","0","1654.38","9768.73"
"22/03/2019","3 - Nota de Crédito A","6068","1439","","29102311018815","CUIT","30501116242","DANONE ARGENTINA SOCIEDAD ANONIMA","1","$","32751.83","0","0","6877.88","40776.02"
"22/03/2019","1 - Factura A","41","99887","","69124316117546","CUIT","30661383034","LACTEOS BARRAZA SA","1","$","79352.62","0","0","16664.05","96016.67"
"22/03/2019","1 - Factura A","9","34511","","69127318698225","CUIT","30700238357","ELCOR S.A","1","$","49036.4","0","0","10297.64","59334.04"
"22/03/2019","1 - Factura A","3","9142","","69129300162707","CUIT","20123828349","ZURMAN RICARDO WALTER","1","$","2404.53","0","0","504.95","2909.48"
"23/03/2019","3 - Nota de Crédito A","6068","1441","","29102311018815","CUIT","30501116242","DANONE ARGENTINA SOCIEDAD ANONIMA","1","$","10476.44","0","0","2200.05","13043.16"
"23/03/2019","3 - Nota de Crédito A","6066","5408","","29102311018815","CUIT","30501116242","DANONE ARGENTINA SOCIEDAD ANONIMA","1","$","57729.58","0","0","12123.21","71584.68"
"23/03/2019","2 - Nota de Débito A","6066","965","","29102311018815","CUIT","30501116242","DANONE ARGENTINA SOCIEDAD ANONIMA","1","$","30.39","0","0","6.38","37.68"
"23/03/2019","3 - Nota de Crédito A","6066","5407","","29102311018815","CUIT","30501116242","DANONE ARGENTINA SOCIEDAD ANONIMA","1","$","20097.43","0","0","4220.46","24920.81"
"23/03/2019","3 - Nota de Crédito A","6066","5410","","29102311018815","CUIT","30501116242","DANONE ARGENTINA SOCIEDAD ANONIMA","1","$","45430.02","0","0","9540.3","56333.22"
"23/03/2019","3 - Nota de Crédito A","6066","5409","","29102311018815","CUIT","30501116242","DANONE ARGENTINA SOCIEDAD ANONIMA","1","$","22705.76","0","0","4768.21","28155.14"
"23/03/2019","3 - Nota de Crédito A","6066","5411","","29102311018815","CUIT","30501116242","DANONE ARGENTINA SOCIEDAD ANONIMA","1","$","3828.7","0","0","804.03","4747.59"
"23/03/2019","3 - Nota de Crédito A","6066","5412","","29102311018815","CUIT","30501116242","DANONE ARGENTINA SOCIEDAD ANONIMA","1","$","26660.89","0","0","5598.79","33059.51"
"23/03/2019","2 - Nota de Débito A","6066","964","","29102311018815","CUIT","30501116242","DANONE ARGENTINA SOCIEDAD ANONIMA","1","$","24.73","0","0","5.19","30.66"
"23/03/2019","1 - Factura A","9","227525","","69125326921351","CUIT","30707702695","CARNES PORCINAS SELECCIONADAS  SA","1","$","66320.19","0","0","13927.24","80247.43"
"23/03/2019","1 - Factura A","214","112500","","69128332308130","CUIT","30503348728","FRIGORIFICO PALADINI  S.A.","1","$","489187.34","","","102729.4","606592.36"
"23/03/2019","1 - Factura A","214","112481","","69128331249009","CUIT","30503348728","FRIGORIFICO PALADINI  S.A.","1","$","317137.18","","","66598.83","396421.5"
"25/03/2019","1 - Factura A","2004","29337","","29101931165470","CUIT","30707013431","NUTRICIA BAGO SA","1","$","7120.68","0","0","1495.34","8616.02"
"25/03/2019","1 - Factura A","6004","1574653","","29102311018815","CUIT","30501116242","DANONE ARGENTINA SOCIEDAD ANONIMA","1","$","448199.27","0","0","94121.85","555767.1"
"25/03/2019","1 - Factura A","6004","1573573","","29102311018815","CUIT","30501116242","DANONE ARGENTINA SOCIEDAD ANONIMA","1","$","365280.23","0","0","76708.85","454773.89"
"25/03/2019","11 - Factura C","1","107","","69126347551458","CUIT","20302299936","VILLARREAL MARCOS EZEQUIEL","1","$","","","","","22750"